Date,Price,Open,High,Low,Change %
20-Mar-22,0.538,0.4085,0.5762,0.4085,29.95%
13-Mar-22,0.414,0.383,0.49,0.383,4.55%
6-Mar-22,0.396,0.332,0.429,0.325,18.21%
27-Feb-22,0.335,0.343,0.408,0.315,-3.74%
20-Feb-22,0.348,0.36,0.411,0.307,-2.79%
13-Feb-22,0.358,0.373,0.467,0.345,-4.02%
6-Feb-22,0.373,0.238,0.469,0.218,56.72%
30-Jan-22,0.238,0.2,0.251,0.183,25.26%
23-Jan-22,0.19,0.175,0.236,0.167,11.76%
16-Jan-22,0.17,0.142,0.211,0.132,31.78%
9-Jan-22,0.129,0.109,0.15,0.096,34.37%
2-Jan-22,0.096,0.056,0.122,0.048,81.13%
26-Dec-21,0.053,0.084,0.091,0.043,-25.35%
19-Dec-21,0.071,0.056,0.091,0.043,39.22%
12-Dec-21,0.051,0.063,0.081,0.043,-19.05%
5-Dec-21,0.063,0.061,0.084,0.051,18.87%
28-Nov-21,0.053,0.058,0.071,0.043,0.00%
21-Nov-21,0.053,0.058,0.089,0.048,3.92%
14-Nov-21,0.051,0.053,0.066,0.043,-3.77%
7-Nov-21,0.053,0.048,0.066,0.041,15.22%
31-Oct-21,0.046,0.063,0.068,0.041,-20.69%
24-Oct-21,0.058,0.061,0.071,0.051,-4.92%
17-Oct-21,0.061,0.051,0.066,0.051,27.08%
10-Oct-21,0.048,0.058,0.066,0.046,-5.88%
3-Oct-21,0.051,0.038,0.063,0.036,34.21%
26-Sep-21,0.038,0.041,0.079,0.03,8.57%
19-Sep-21,0.035,0.043,0.046,0.025,-7.89%
12-Sep-21,0.038,0.051,0.053,0.036,-20.83%
5-Sep-21,0.048,0.048,0.058,0.041,4.35%
29-Aug-21,0.046,0.056,0.061,0.041,-13.21%
22-Aug-21,0.053,0.061,0.068,0.043,0.00%
15-Aug-21,0.053,0.061,0.081,0.051,0.00%
8-Aug-21,0.053,0.053,0.066,0.048,3.92%
1-Aug-21,0.051,0.056,0.066,0.046,10.87%
25-Jul-21,0.046,0.056,0.061,0.046,-9.80%
18-Jul-21,0.051,0.056,0.061,0.041,10.87%
11-Jul-21,0.046,0.058,0.063,0.046,-13.21%
4-Jul-21,0.053,0.048,0.063,0.048,3.92%
27-Jun-21,0.051,0.056,0.066,0.046,-3.77%
20-Jun-21,0.053,0.048,0.058,0.036,29.27%
13-Jun-21,0.041,0.033,0.053,0.015,46.43%
6-Jun-21,0.028,0.023,0.038,0.02,40.00%
30-May-21,0.02,0.02,0.03,0.013,53.85%
23-May-21,0.013,0.013,0.025,0.008,160.00%
16-May-21,0.005,0.02,0.03,0.005,-50.00%
9-May-21,0.01,0.023,0.025,0.01,-33.33%
2-May-21,0.015,0.01,0.033,0.008,15.38%
25-Apr-21,0.013,0.023,0.038,0.01,-35.00%
18-Apr-21,0.02,0.018,0.041,0.015,11.11%
11-Apr-21,0.018,0.015,0.038,0.013,38.46%
4-Apr-21,0.013,0.028,0.033,0.01,-35.96%
28-Mar-21,0.0203,0.02,0.036,0.015,1.50%
21-Mar-21,0.02,0.015,0.033,0.01,100.00%
14-Mar-21,0.01,0.033,0.038,0.005,-66.67%
7-Mar-21,0.03,0.038,0.056,0.03,-21.05%
28-Feb-21,0.038,0.043,0.053,0.036,-7.32%
21-Feb-21,0.041,0.041,0.053,0.03,24.24%
14-Feb-21,0.033,0.051,0.051,0.03,-19.51%
7-Feb-21,0.041,0.036,0.051,0.03,24.24%
31-Jan-21,0.033,0.056,0.076,0.028,-43.10%
24-Jan-21,0.058,0.084,0.091,0.053,-26.58%
17-Jan-21,0.079,0.091,0.094,0.076,-2.47%
10-Jan-21,0.081,0.084,0.101,0.081,-5.81%
3-Jan-21,0.086,0.079,0.101,0.073,8.86%
27-Dec-20,0.079,0.086,0.117,0.076,-11.24%
20-Dec-20,0.089,0.086,0.104,0.081,3.49%
13-Dec-20,0.086,0.073,0.099,0.068,21.13%
6-Dec-20,0.071,0.091,0.091,0.071,-12.35%
29-Nov-20,0.081,0.084,0.097,0.076,0.00%
22-Nov-20,0.081,0.073,0.099,0.068,19.12%
15-Nov-20,0.068,0.096,0.101,0.058,-25.27%
8-Nov-20,0.091,0.091,0.117,0.091,-3.19%
1-Nov-20,0.094,0.097,0.114,0.089,0.00%
25-Oct-20,0.094,0.096,0.122,0.089,0.00%
18-Oct-20,0.094,0.106,0.112,0.091,-2.08%
11-Oct-20,0.096,0.104,0.117,0.096,-4.95%
4-Oct-20,0.101,0.094,0.119,0.091,10.99%
27-Sep-20,0.091,0.099,0.122,0.091,-9.90%
20-Sep-20,0.101,0.101,0.112,0.086,10.99%
13-Sep-20,0.091,0.117,0.122,0.089,-18.75%
6-Sep-20,0.112,0.122,0.124,0.112,0.00%
30-Aug-20,0.112,0.114,0.122,0.101,7.69%
23-Aug-20,0.104,0.096,0.142,0.094,8.33%
16-Aug-20,0.096,0.096,0.1293,0.094,-3.03%
9-Aug-20,0.099,0.099,0.127,0.096,0.00%
2-Aug-20,0.099,0.091,0.119,0.086,5.32%
26-Jul-20,0.094,0.109,0.124,0.094,-13.76%
19-Jul-20,0.109,0.132,0.137,0.109,-6.84%
12-Jul-20,0.117,0.153,0.157,0.112,-11.36%
5-Jul-20,0.132,0.157,0.193,0.132,-7.04%
28-Jun-20,0.142,0.142,0.162,0.137,-2.07%
21-Jun-20,0.145,0.175,0.193,0.142,-6.45%
14-Jun-20,0.155,0.173,0.233,0.152,-6.06%
7-Jun-20,0.165,0.17,0.193,0.157,5.10%
31-May-20,0.157,0.158,0.18,0.14,10.56%
24-May-20,0.142,0.147,0.17,0.122,16.39%
17-May-20,0.122,0.14,0.153,0.117,-1.61%
10-May-20,0.124,0.137,0.158,0.109,5.98%
3-May-20,0.117,0.135,0.147,0.104,7.34%
26-Apr-20,0.109,0.132,0.142,0.094,-10.66%
19-Apr-20,0.122,0.163,0.163,0.102,-1.61%
12-Apr-20,0.124,0.285,0.305,0.122,-47.46%
5-Apr-20,0.236,0.1576,0.433,0.081,122.64%
29-Mar-20,0.106,0.2187,0.326,0.071,606.67%
22-Mar-20,0.015,0.178,0.178,-0.058,-60.53%
15-Mar-20,0.038,0.183,0.412,0.013,-86.23%
8-Mar-20,0.276,0.522,0.669,0.242,-41.89%
1-Mar-20,0.475,1.277,1.351,0.43,-63.04%
23-Feb-20,1.285,1.564,1.564,1.275,-17.58%
16-Feb-20,1.559,1.574,1.602,1.554,-1.14%
9-Feb-20,1.577,1.571,1.607,1.556,0.83%
2-Feb-20,1.564,1.556,1.587,1.548,0.64%
26-Jan-20,1.554,1.528,1.579,1.523,1.50%
19-Jan-20,1.531,1.607,1.607,1.531,-1.92%
12-Jan-20,1.561,1.551,1.613,1.536,1.50%
5-Jan-20,1.538,1.52,1.584,1.518,1.18%
29-Dec-19,1.52,1.564,1.658,1.508,-2.81%
22-Dec-19,1.564,1.671,1.676,1.559,-0.95%
15-Dec-19,1.579,1.561,1.666,1.556,0.96%
8-Dec-19,1.564,1.566,1.661,1.523,2.69%
1-Dec-19,1.523,1.59,1.756,1.52,-4.03%
24-Nov-19,1.587,1.633,1.644,1.582,-0.13%
17-Nov-19,1.589,1.615,1.615,1.559,1.27%
10-Nov-19,1.569,1.548,1.674,1.548,0.97%
3-Nov-19,1.554,1.593,1.593,1.521,1.37%
27-Oct-19,1.533,1.684,1.684,1.521,-8.42%
20-Oct-19,1.674,1.74,1.741,1.649,0.18%
13-Oct-19,1.671,1.684,1.743,1.656,-0.65%
6-Oct-19,1.682,1.705,1.771,1.653,-1.64%
29-Sep-19,1.71,1.787,1.874,1.693,-4.84%
22-Sep-19,1.797,1.91,1.951,1.792,-5.92%
15-Sep-19,1.91,2.002,2.056,1.905,-2.60%
8-Sep-19,1.961,1.999,2.017,1.941,-0.15%
1-Sep-19,1.964,1.987,2.03,1.956,-1.16%
25-Aug-19,1.987,1.971,2.018,1.969,1.17%
18-Aug-19,1.964,1.871,2.033,1.871,4.97%
11-Aug-19,1.871,2.037,2.039,1.869,-6.54%
4-Aug-19,2.002,2.064,2.064,1.992,-3.00%
28-Jul-19,2.064,2.12,2.128,2.021,-2.55%
21-Jul-19,2.118,2.084,2.123,2.064,2.52%
14-Jul-19,2.066,2.148,2.18,2.031,-3.95%
7-Jul-19,2.151,2.223,2.279,2.135,-3.02%
30-Jun-19,2.218,2.107,2.233,2.097,5.62%
23-Jun-19,2.1,2.115,2.157,2.1,-0.47%
16-Jun-19,2.11,2.183,2.231,2.11,-3.30%
9-Jun-19,2.182,2.279,2.3,2.173,-4.05%
2-Jun-19,2.274,2.347,2.373,2.261,-3.40%
26-May-19,2.354,2.352,2.389,2.345,0.00%
19-May-19,2.354,2.381,2.409,2.342,-1.63%
12-May-19,2.393,2.422,2.447,2.383,-1.48%
5-May-19,2.429,2.422,2.438,2.417,-0.08%
28-Apr-19,2.431,2.419,2.51,2.402,0.33%
21-Apr-19,2.423,2.427,2.556,2.414,-0.25%
14-Apr-19,2.429,2.427,2.461,2.411,-0.49%
7-Apr-19,2.441,2.427,2.438,2.415,0.29%
31-Mar-19,2.434,2.417,2.436,2.383,1.42%
24-Mar-19,2.4,2.453,2.464,2.391,-2.52%
17-Mar-19,2.462,2.442,2.492,2.44,0.41%
10-Mar-19,2.452,2.453,2.458,2.433,-0.08%
3-Mar-19,2.454,2.44,2.471,2.432,0.78%
24-Feb-19,2.435,2.45,2.464,2.435,-0.61%
17-Feb-19,2.45,2.429,2.461,2.422,0.95%
10-Feb-19,2.427,2.427,2.454,2.419,0.21%
3-Feb-19,2.422,2.396,2.433,2.381,1.09%
27-Jan-19,2.396,2.383,2.433,2.383,0.55%
20-Jan-19,2.383,2.406,2.446,2.363,-0.87%
13-Jan-19,2.404,2.427,2.464,2.401,-0.83%
6-Jan-19,2.424,2.424,2.474,2.409,0.41%
30-Dec-18,2.414,2.388,2.48,2.373,1.30%
23-Dec-18,2.383,2.391,2.453,2.378,-0.13%
16-Dec-18,2.386,2.427,2.438,2.373,-1.57%
9-Dec-18,2.424,2.396,2.446,2.376,1.17%
2-Dec-18,2.396,2.358,2.428,2.34,1.40%
25-Nov-18,2.363,2.404,2.425,2.353,-1.71%
18-Nov-18,2.404,2.352,2.409,2.352,2.08%
11-Nov-18,2.355,2.35,2.402,2.345,0.00%
4-Nov-18,2.355,2.332,2.405,2.319,1.20%
28-Oct-18,2.327,2.329,2.355,2.312,0.00%
21-Oct-18,2.327,2.314,2.366,2.309,0.78%
14-Oct-18,2.309,2.265,2.32,2.265,1.67%
7-Oct-18,2.271,2.222,2.305,2.222,2.44%
30-Sep-18,2.217,2.201,2.348,2.201,0.82%
23-Sep-18,2.199,2.181,2.223,2.173,1.20%
16-Sep-18,2.173,2.15,2.187,2.145,0.93%
9-Sep-18,2.153,2.14,2.156,2.132,0.75%
2-Sep-18,2.137,2.112,2.145,2.096,1.57%
26-Aug-18,2.104,2.096,2.13,2.096,0.48%
19-Aug-18,2.094,2.058,2.107,2.04,2.50%
12-Aug-18,2.043,2.053,2.084,2.04,-0.10%
5-Aug-18,2.045,2.007,2.084,2.007,1.89%
29-Jul-18,2.007,1.992,2.043,1.986,0.75%
22-Jul-18,1.992,1.986,2.035,1.963,0.66%
15-Jul-18,1.979,1.976,2.048,1.966,0.41%
8-Jul-18,1.971,1.956,1.99,1.951,1.03%
1-Jul-18,1.951,1.935,1.984,1.92,1.61%
24-Jun-18,1.92,1.925,1.944,1.894,0.26%
17-Jun-18,1.915,1.935,1.946,1.912,-0.93%
10-Jun-18,1.933,1.93,1.951,1.905,0.42%
3-Jun-18,1.925,1.915,1.961,1.905,0.79%
27-May-18,1.91,1.899,1.951,1.884,0.69%
20-May-18,1.897,1.892,1.959,1.884,-0.11%
13-May-18,1.899,1.887,1.928,1.887,-0.31%
6-May-18,1.905,1.83,1.92,1.83,3.76%
29-Apr-18,1.836,1.817,1.874,1.807,1.27%
22-Apr-18,1.813,1.812,1.88,1.81,0.33%
15-Apr-18,1.807,1.756,1.833,1.748,2.73%
8-Apr-18,1.759,1.72,1.761,1.715,2.27%
1-Apr-18,1.72,1.723,1.782,1.703,0.29%
25-Mar-18,1.715,1.731,1.808,1.713,-0.75%
18-Mar-18,1.728,1.782,1.823,1.711,-2.87%
11-Mar-18,1.779,1.674,1.782,1.672,6.21%
4-Mar-18,1.675,1.644,1.693,1.644,1.89%
25-Feb-18,1.644,1.644,1.68,1.621,0.00%
18-Feb-18,1.644,1.608,1.657,1.603,2.24%
11-Feb-18,1.608,1.562,1.685,1.562,2.94%
4-Feb-18,1.562,1.488,1.57,1.475,5.11%
28-Jan-18,1.486,1.422,1.493,1.409,4.50%
21-Jan-18,1.422,1.429,1.463,1.414,-0.84%
14-Jan-18,1.434,1.445,1.473,1.235,-0.76%
7-Jan-18,1.445,1.404,1.462,1.404,2.92%
31-Dec-17,1.404,1.393,1.465,1.386,0.93%
24-Dec-17,1.391,1.34,1.47,1.332,4.19%
17-Dec-17,1.335,1.325,1.404,1.32,1.37%
10-Dec-17,1.317,1.286,1.417,1.281,2.57%
3-Dec-17,1.284,1.271,1.327,1.266,1.42%
26-Nov-17,1.266,1.286,1.328,1.251,-0.39%
19-Nov-17,1.271,1.266,1.317,1.266,0.00%
12-Nov-17,1.271,1.233,1.276,1.21,3.33%
5-Nov-17,1.23,1.164,1.259,1.164,4.50%
29-Oct-17,1.177,1.103,1.205,1.1,7.00%
22-Oct-17,1.1,1.093,1.149,1.093,-0.27%
15-Oct-17,1.103,1.077,1.111,1.067,2.41%
8-Oct-17,1.077,1.077,1.108,1.07,0.65%
1-Oct-17,1.07,1.057,1.111,1.034,1.23%
24-Sep-17,1.057,1.032,1.128,1.019,2.72%
17-Sep-17,1.029,1.113,1.146,1.021,-0.77%
10-Sep-17,1.037,1.042,1.126,1.037,-0.96%
3-Sep-17,1.047,1.016,1.118,0.996,3.56%
27-Aug-17,1.011,1.021,1.128,0.996,-0.98%
20-Aug-17,1.021,1.006,1.032,0.986,0.69%
13-Aug-17,1.014,1.042,1.057,0.996,-2.41%
6-Aug-17,1.039,1.072,1.167,1.037,-3.53%
30-Jul-17,1.077,1.07,1.101,1.065,-0.28%
23-Jul-17,1.08,1.164,1.203,1.072,-7.61%
16-Jul-17,1.169,1.034,1.174,1.034,13.06%
9-Jul-17,1.034,1.032,1.083,1.032,0.00%
2-Jul-17,1.034,1.024,1.0521,1.019,1.27%
25-Jun-17,1.021,0.97,1.072,0.955,6.58%
18-Jun-17,0.958,1.009,1.037,0.953,-5.24%
11-Jun-17,1.011,1.011,1.024,0.993,0.50%
4-Jun-17,1.006,0.973,1.011,0.97,2.86%
28-May-17,0.978,0.925,1.057,0.925,4.60%
21-May-17,0.935,0.914,0.955,0.899,2.30%
14-May-17,0.914,0.874,0.925,0.871,3.98%
7-May-17,0.879,0.894,0.925,0.874,-1.46%
30-Apr-17,0.892,0.803,0.899,0.803,11.08%
23-Apr-17,0.803,0.782,0.833,0.782,2.29%
16-Apr-17,0.785,0.818,0.846,0.782,-3.09%
9-Apr-17,0.81,0.818,0.838,0.8,-1.22%
2-Apr-17,0.82,0.767,0.823,0.762,7.61%
26-Mar-17,0.762,0.767,0.808,0.757,-0.91%
19-Mar-17,0.769,0.749,0.782,0.726,5.49%
12-Mar-17,0.729,0.752,0.787,0.719,-2.41%
5-Mar-17,0.747,0.711,0.777,0.701,5.81%
26-Feb-17,0.706,0.518,0.736,0.507,37.09%
19-Feb-17,0.515,0.52,0.546,0.502,-1.90%
12-Feb-17,0.525,0.538,0.556,0.518,-2.42%
5-Feb-17,0.538,0.508,0.553,0.497,6.53%
29-Jan-17,0.505,0.515,0.528,0.492,-1.94%
22-Jan-17,0.515,0.507,0.518,0.492,3.62%
15-Jan-17,0.497,0.528,0.551,0.497,-6.23%
8-Jan-17,0.53,0.518,0.569,0.5,1.92%
1-Jan-17,0.52,0.482,0.66,0.482,3.59%
25-Dec-16,0.502,0.515,0.607,0.447,-3.46%
18-Dec-16,0.52,0.502,0.599,0.492,2.97%
11-Dec-16,0.505,0.538,0.609,0.502,-6.65%
4-Dec-16,0.541,0.472,0.647,0.469,13.89%
27-Nov-16,0.475,0.497,0.574,0.472,-5.38%
20-Nov-16,0.502,0.434,0.574,0.434,15.67%
13-Nov-16,0.434,0.477,0.596,0.429,-8.63%
6-Nov-16,0.475,0.371,0.683,0.369,27.35%
30-Oct-16,0.373,0.442,0.478,0.289,29.07%
23-Oct-16,0.289,0.332,0.355,0.287,-12.95%
16-Oct-16,0.332,0.297,0.472,0.294,9.21%
9-Oct-16,0.304,0.323,0.487,0.282,-7.03%
2-Oct-16,0.327,0.482,0.482,0.282,15.14%
25-Sep-16,0.284,0.185,0.355,0.18,53.51%
18-Sep-16,0.185,0.299,0.393,0.177,-35.99%
11-Sep-16,0.289,0.354,0.431,0.287,-18.59%
4-Sep-16,0.355,0.34,0.417,0.32,10.25%
28-Aug-16,0.322,0.33,0.416,0.315,-1.53%
21-Aug-16,0.327,0.307,0.391,0.294,5.83%
14-Aug-16,0.309,0.287,0.381,0.28,9.57%
7-Aug-16,0.282,0.271,0.382,0.259,4.83%
31-Jul-16,0.269,0.276,0.348,0.251,3.86%
24-Jul-16,0.259,0.317,0.343,0.233,-18.30%
17-Jul-16,0.317,0.382,0.382,0.303,0.00%
10-Jul-16,0.317,0.33,0.366,0.284,10.45%
3-Jul-16,0.287,0.266,0.335,0.254,10.81%
26-Jun-16,0.259,0.264,0.274,0.243,0.00%
19-Jun-16,0.259,0.326,0.33,0.243,-2.63%
12-Jun-16,0.266,0.259,0.346,0.247,3.91%
5-Jun-16,0.256,0.289,0.33,0.241,-11.42%
29-May-16,0.289,0.356,0.356,0.276,-8.83%
22-May-16,0.317,0.32,0.402,0.292,0.00%
15-May-16,0.317,0.315,0.323,0.272,16.97%
8-May-16,0.271,0.198,0.28,0.193,40.41%
1-May-16,0.193,0.206,0.254,0.193,-5.85%
24-Apr-16,0.205,0.239,0.29,0.206,-13.14%
17-Apr-16,0.236,0.231,0.259,0.211,3.51%
10-Apr-16,0.228,0.236,0.295,0.221,-1.30%
3-Apr-16,0.231,0.234,0.259,0.196,-0.86%
27-Mar-16,0.233,0.292,0.392,0.165,-20.21%
20-Mar-16,0.292,0.295,0.341,0.29,-0.68%
13-Mar-16,0.294,0.323,0.346,0.28,-8.12%
6-Mar-16,0.32,0.282,0.341,0.275,15.94%
28-Feb-16,0.276,0.318,0.356,0.275,-13.21%
21-Feb-16,0.318,0.298,0.361,0.295,7.80%
14-Feb-16,0.295,0.287,0.351,0.282,1.72%
7-Feb-16,0.29,0.298,0.346,0.272,-0.68%
31-Jan-16,0.292,0.323,0.377,0.282,-7.30%
24-Jan-16,0.315,0.303,0.338,0.277,5.00%
17-Jan-16,0.3,0.236,0.305,0.234,26.58%
10-Jan-16,0.237,0.211,0.259,0.183,16.75%
3-Jan-16,0.203,0.181,0.244,0.168,14.04%
27-Dec-15,0.178,0.208,0.264,0.15,-11.44%
20-Dec-15,0.201,0.191,0.29,0.165,6.91%
13-Dec-15,0.188,0.226,0.305,0.183,-16.81%
6-Dec-15,0.226,0.221,0.29,0.216,2.26%
29-Nov-15,0.221,0.173,0.226,0.168,27.75%
22-Nov-15,0.173,0.107,0.206,0.107,66.35%
15-Nov-15,0.104,0.122,0.153,0.099,-16.80%
8-Nov-15,0.125,0.081,0.173,0.079,48.81%
1-Nov-15,0.084,0.076,0.112,0.038,6.33%
25-Oct-15,0.079,0.01,0.081,0.005,887.50%
18-Oct-15,0.008,0.008,0.02,0.002,60.00%
11-Oct-15,0.005,0.005,0.013,0,-37.50%
4-Oct-15,0.008,0.002,0.008,-0.002,166.67%
27-Sep-15,0.003,-0.015,0.025,-0.023,-123.08%
20-Sep-15,-0.013,-0.01,0.028,-0.015,62.50%
13-Sep-15,-0.008,0.033,0.069,-0.01,-125.81%
6-Sep-15,0.031,0.033,0.071,0.02,-13.89%
30-Aug-15,0.036,0.056,0.081,0.002,-37.93%
23-Aug-15,0.058,0.031,0.066,0.013,87.10%
16-Aug-15,0.031,0.094,0.096,0.013,-66.30%
9-Aug-15,0.092,0.071,0.112,0.066,39.39%
2-Aug-15,0.066,0.081,0.086,0.031,3.12%
26-Jul-15,0.064,0.043,0.086,0.033,68.42%
19-Jul-15,0.038,0.02,0.046,0.018,90.00%
12-Jul-15,0.02,0.02,0.025,-0.002,33.33%
5-Jul-15,0.015,0.008,0.025,0.008,87.50%
28-Jun-15,0.008,0.008,0.033,0.002,60.00%
21-Jun-15,0.005,0.008,0.015,0.002,-37.50%
14-Jun-15,0.008,0.013,0.03,0.005,-20.00%
7-Jun-15,0.01,0.018,0.025,0.01,-44.44%
31-May-15,0.018,0.018,0.031,0.008,500.00%
24-May-15,0.003,0.018,0.03,0.002,-85.00%
17-May-15,0.02,0.018,0.03,0.013,33.33%
10-May-15,0.015,0.013,0.028,0.008,87.50%
3-May-15,0.008,0.008,0.02,0.008,0.00%
26-Apr-15,0.008,0.023,0.023,0.002,-60.00%
19-Apr-15,0.02,0.018,0.028,0.015,11.11%
12-Apr-15,0.018,0.023,0.03,0.013,-10.00%
5-Apr-15,0.02,0.018,0.041,0.01,53.85%
29-Mar-15,0.013,0.038,0.066,0.01,-65.79%
22-Mar-15,0.038,0.015,0.046,0.005,375.00%
15-Mar-15,0.008,0.051,0.058,0.008,-71.43%
8-Mar-15,0.028,0.013,0.051,0.01,115.38%
1-Mar-15,0.013,0.018,0.036,0.008,-13.33%
22-Feb-15,0.015,0.015,0.036,0.013,0.00%
15-Feb-15,0.015,0.013,0.03,0,50.00%
8-Feb-15,0.01,0.023,0.025,0.008,-56.52%
1-Feb-15,0.023,0.013,0.028,0.01,76.92%
25-Jan-15,0.013,0.018,0.036,0.01,-27.78%
18-Jan-15,0.018,0.025,0.041,0.01,-28.00%
11-Jan-15,0.025,0.023,0.041,0.015,25.00%
4-Jan-15,0.02,0.025,0.03,0.008,0.00%
28-Dec-14,0.02,0.008,0.048,0.005,300.00%
21-Dec-14,0.005,0.033,0.056,0.002,-84.85%
14-Dec-14,0.033,0.023,0.046,0.013,65.00%
7-Dec-14,0.02,0.018,0.051,0.008,11.11%
30-Nov-14,0.018,0.015,0.041,0.008,38.46%
23-Nov-14,0.013,0.01,0.03,0.01,62.50%
16-Nov-14,0.008,0.013,0.03,0.002,-38.46%
9-Nov-14,0.013,0.025,0.036,0.008,-43.48%
2-Nov-14,0.023,0.01,0.041,0.008,187.50%
26-Oct-14,0.008,0.013,0.036,0.008,-20.00%
19-Oct-14,0.01,0.028,0.036,0.005,-64.29%
12-Oct-14,0.028,0.008,0.03,0.005,180.00%
5-Oct-14,0.01,0.018,0.025,0.005,-33.33%
28-Sep-14,0.015,0.015,0.03,0.01,15.38%
21-Sep-14,0.013,0.018,0.025,0.005,-27.78%
14-Sep-14,0.018,0.018,0.023,0.015,20.00%
7-Sep-14,0.015,0.028,0.036,0.015,-46.43%
31-Aug-14,0.028,0.028,0.03,0.023,12.00%
24-Aug-14,0.025,0.018,0.036,0.015,8.70%
17-Aug-14,0.023,0.03,0.038,0.015,-17.86%
10-Aug-14,0.028,0.03,0.041,0.025,12.00%
3-Aug-14,0.025,0.025,0.03,0.02,0.00%
27-Jul-14,0.025,0.028,0.046,0.02,-16.67%
20-Jul-14,0.03,0.028,0.035,0.015,100.00%
13-Jul-14,0.015,0.025,0.041,0.015,-25.00%
6-Jul-14,0.02,0.033,0.033,0.013,100.00%
29-Jun-14,0.01,0.046,0.056,0.01,-64.29%
22-Jun-14,0.028,0.025,0.035,0.01,55.56%
15-Jun-14,0.018,0.041,0.041,0.015,-48.57%
8-Jun-14,0.035,0.035,0.041,0.033,6.06%
1-Jun-14,0.033,0.035,0.041,0.03,-5.71%
25-May-14,0.035,0.035,0.056,0.03,6.06%
18-May-14,0.033,0.025,0.041,0.02,65.00%
11-May-14,0.02,0.03,0.041,0.02,-28.57%
4-May-14,0.028,0.028,0.041,0.02,21.74%
27-Apr-14,0.023,0.023,0.035,0.01,53.33%
20-Apr-14,0.015,0.03,0.033,0.01,-50.00%
13-Apr-14,0.03,0.035,0.038,0.03,-21.05%
6-Apr-14,0.038,0.03,0.046,0.025,52.00%
30-Mar-14,0.025,0.046,0.048,0.015,-39.02%
23-Mar-14,0.041,0.048,0.066,0.035,-22.64%
16-Mar-14,0.053,0.051,0.061,0.048,0.00%
9-Mar-14,0.053,0.056,0.061,0.043,0.00%
2-Mar-14,0.053,0.051,0.058,0.046,3.92%
23-Feb-14,0.051,0.048,0.058,0.038,24.39%
16-Feb-14,0.041,0.023,0.071,0.02,105.00%
9-Feb-14,0.02,0.068,0.112,0.015,-76.74%
2-Feb-14,0.086,0.053,0.086,0.018,330.00%
26-Jan-14,0.02,0.053,0.061,0.018,-56.52%
19-Jan-14,0.046,0.041,0.058,0.03,31.43%
12-Jan-14,0.035,0.038,0.046,0.035,-14.63%
5-Jan-14,0.041,0.056,0.068,0.038,-40.58%
29-Dec-13,0.069,0.071,0.076,0.058,4.55%
22-Dec-13,0.066,0.076,0.091,0.061,0.00%
15-Dec-13,0.066,0.071,0.081,0.061,0.00%
8-Dec-13,0.066,0.071,0.086,0.058,8.20%
1-Dec-13,0.061,0.061,0.086,0.041,0.00%
24-Nov-13,0.061,0.076,0.084,0.061,-19.74%
17-Nov-13,0.076,0.086,0.094,0.073,-3.80%
10-Nov-13,0.079,0.076,0.079,0.058,29.51%
3-Nov-13,0.061,0.051,0.061,0.038,48.78%
27-Oct-13,0.041,0.043,0.048,0.023,17.14%
20-Oct-13,0.035,0.041,0.041,0.03,16.67%
13-Oct-13,0.03,0.132,0.172,0.03,-55.88%
6-Oct-13,0.068,0.035,0.086,0.023,142.86%
29-Sep-13,0.028,0.015,0.03,0.008,40.00%
22-Sep-13,0.02,0.02,0.028,0.003,33.33%
15-Sep-13,0.015,0.01,0.035,0.005,-16.67%
8-Sep-13,0.018,0.025,0.033,0.01,-10.00%
1-Sep-13,0.02,0.03,0.03,0.018,-20.00%
25-Aug-13,0.025,0.033,0.061,0.018,-16.67%
18-Aug-13,0.03,0.056,0.056,0.025,-34.78%
11-Aug-13,0.046,0.058,0.061,0.043,-13.21%
4-Aug-13,0.053,0.038,0.063,0.035,51.43%
28-Jul-13,0.035,0.03,0.043,0.02,75.00%
21-Jul-13,0.02,0.035,0.038,0.01,-20.00%
14-Jul-13,0.025,0.041,0.046,0.02,-34.21%
7-Jul-13,0.038,0.046,0.073,0.033,-7.32%
30-Jun-13,0.041,0.041,0.061,0.015,17.14%
23-Jun-13,0.035,0.061,0.066,0.033,-23.91%
16-Jun-13,0.046,0.046,0.056,0.043,0.00%
9-Jun-13,0.046,0.046,0.056,0.043,0.00%
2-Jun-13,0.046,0.048,0.051,0.033,21.05%
26-May-13,0.038,0.043,0.051,0.028,-11.63%
19-May-13,0.043,0.046,0.051,0.033,22.86%
12-May-13,0.035,0.048,0.051,0.028,-14.63%
5-May-13,0.041,0.043,0.058,0.035,-19.61%
28-Apr-13,0.051,0.051,0.058,0.048,-3.77%
21-Apr-13,0.053,0.053,0.058,0.051,3.92%
14-Apr-13,0.051,0.063,0.063,0.048,-16.39%
7-Apr-13,0.061,0.066,0.094,0.061,-7.58%
31-Mar-13,0.066,0.079,0.081,0.061,-7.04%
24-Mar-13,0.071,0.076,0.089,0.063,2.90%
17-Mar-13,0.069,0.086,0.094,0.061,-22.47%
10-Mar-13,0.089,0.101,0.104,0.086,-5.32%
3-Mar-13,0.094,0.091,0.112,0.091,-11.32%
24-Feb-13,0.106,0.122,0.132,0.104,-16.54%
17-Feb-13,0.127,0.101,0.132,0.099,25.74%
10-Feb-13,0.101,0.089,0.109,0.071,42.25%
3-Feb-13,0.071,0.071,0.079,0.058,2.90%
27-Jan-13,0.069,0.079,0.081,0.063,-9.21%
20-Jan-13,0.076,0.079,0.086,0.066,0.00%
13-Jan-13,0.076,0.069,0.089,0.063,7.04%
6-Jan-13,0.071,0.071,0.073,0.053,0.00%
30-Dec-12,0.071,0.015,0.079,0.01,610.00%
23-Dec-12,0.01,0.056,0.089,0.008,-82.76%
16-Dec-12,0.058,0.035,0.061,0.015,75.76%
9-Dec-12,0.033,0,0.094,0.023,-61.63%
2-Dec-12,0.086,0.081,0.106,0.076,6.17%
25-Nov-12,0.081,0.096,0.106,0.073,-13.83%
18-Nov-12,0.094,0.081,0.104,0.081,16.05%
11-Nov-12,0.081,0.094,0.109,0.079,-13.83%
4-Nov-12,0.094,0.107,0.112,0.089,-2.08%
28-Oct-12,0.096,0.129,0.132,0.089,-14.29%
21-Oct-12,0.112,0.106,0.122,0.096,16.67%
14-Oct-12,0.096,0.096,0.096,0.096,-5.88%
7-Oct-12,0.102,0.102,0.102,0.102,0.99%
30-Sep-12,0.101,0.101,0.101,0.101,7.45%
23-Sep-12,0.094,0.094,0.094,0.094,-11.32%
16-Sep-12,0.106,0.106,0.106,0.106,1.92%
9-Sep-12,0.104,0.104,0.104,0.104,-1.89%
2-Sep-12,0.106,0.106,0.106,0.106,16.48%
26-Aug-12,0.091,0.091,0.091,0.091,-8.08%
19-Aug-12,0.099,0.099,0.099,0.099,15.12%
12-Aug-12,0.086,0.086,0.086,0.086,-17.31%
5-Aug-12,0.104,0.104,0.104,0.104,28.40%
29-Jul-12,0.081,0.081,0.081,0.081,-23.58%
22-Jul-12,0.106,0.106,0.106,0.106,16.48%
15-Jul-12,0.091,0.091,0.091,0.091,-5.21%
8-Jul-12,0.096,0.096,0.096,0.096,26.32%
1-Jul-12,0.076,0.076,0.076,0.076,-11.63%
24-Jun-12,0.086,0.086,0.086,0.086,6.17%
17-Jun-12,0.081,0.081,0.081,0.081,-10.99%
10-Jun-12,0.091,0.091,0.091,0.091,8.33%
3-Jun-12,0.084,0.084,0.084,0.084,21.74%
27-May-12,0.069,0.069,0.069,0.069,-19.77%
20-May-12,0.086,0.086,0.086,0.086,6.17%
13-May-12,0.081,0.081,0.081,0.081,-13.83%
6-May-12,0.094,0.094,0.094,0.094,27.03%
29-Apr-12,0.074,0.074,0.074,0.074,-18.68%
22-Apr-12,0.091,0.091,0.091,0.091,22.97%
15-Apr-12,0.074,0.074,0.074,0.074,-13.95%
8-Apr-12,0.086,0.086,0.086,0.086,16.22%
1-Apr-12,0.074,0.074,0.074,0.074,4.23%
25-Mar-12,0.071,0.071,0.071,0.071,-6.58%
18-Mar-12,0.076,0.076,0.076,0.076,-11.63%
11-Mar-12,0.086,0.086,0.086,0.086,0.00%
4-Mar-12,0.086,0.086,0.086,0.086,30.30%
26-Feb-12,0.066,0.066,0.066,0.066,-33.33%
19-Feb-12,0.099,0.099,0.099,0.099,22.22%
12-Feb-12,0.081,0.081,0.081,0.081,-8.99%
5-Feb-12,0.089,0.089,0.089,0.089,12.66%
29-Jan-12,0.079,0.079,0.079,0.079,33.90%
22-Jan-12,0.059,0.059,0.059,0.059,28.26%
15-Jan-12,0.046,0.046,0.046,0.046,64.29%
8-Jan-12,0.028,0.028,0.028,0.028,86.67%
1-Jan-12,0.015,0.015,0.015,0.015,-25.00%
25-Dec-11,0.02,0.02,0.02,0.02,900.00%
18-Dec-11,0.002,0.002,0.002,0.002,0.00%
11-Dec-11,0.002,0.002,0.002,0.002,-75.00%
4-Dec-11,0.008,0.008,0.008,0.008,166.67%
27-Nov-11,0.003,0.003,0.003,0.003,-85.00%
20-Nov-11,0.02,0.02,0.02,0.02,150.00%
13-Nov-11,0.008,0.008,0.008,0.008,0.00%
6-Nov-11,0.008,0.008,0.008,0.008,166.67%
30-Oct-11,0.003,0.003,0.003,0.003,-70.00%
23-Oct-11,0.01,0.01,0.01,0.01,-50.00%
16-Oct-11,0.02,0.02,0.02,0.02,0.00%
9-Oct-11,0.02,0.02,0.02,0.02,100.00%
2-Oct-11,0.01,0.01,0.01,0.01,-60.00%
25-Sep-11,0.025,0.025,0.025,0.025,400.00%
18-Sep-11,0.005,0.005,0.005,0.005,66.67%
11-Sep-11,0.003,0.003,0.003,0.003,-70.00%
4-Sep-11,0.01,0.01,0.01,0.01,-50.00%
28-Aug-11,0.02,0.02,0.02,0.02,300.00%
21-Aug-11,0.005,0.005,0.005,0.005,-37.50%
14-Aug-11,0.008,0.008,0.008,0.008,0.00%
7-Aug-11,0.008,0.008,0.008,0.008,0.00%
31-Jul-11,0.008,0.008,0.008,0.008,-91.92%
24-Jul-11,0.099,0.099,0.099,0.099,182.86%
17-Jul-11,0.035,0.035,0.035,0.035,337.50%
10-Jul-11,0.008,0.008,0.008,0.008,-71.43%
3-Jul-11,0.028,0.028,0.028,0.028,55.56%
26-Jun-11,0.018,0.018,0.018,0.018,0.00%
19-Jun-11,0.018,0.018,0.018,0.018,-35.71%
12-Jun-11,0.028,0.028,0.028,0.028,-31.71%
5-Jun-11,0.041,0.041,0.041,0.041,13.89%
29-May-11,0.036,0.036,0.036,0.036,-21.74%
22-May-11,0.046,0.046,0.046,0.046,0.00%
15-May-11,0.046,0.046,0.046,0.046,84.00%
8-May-11,0.025,0.025,0.025,0.025,66.67%
1-May-11,0.015,0.015,0.015,0.015,-65.12%
24-Apr-11,0.043,0.043,0.043,0.043,-23.21%
17-Apr-11,0.056,0.056,0.056,0.056,-18.84%
10-Apr-11,0.069,0.069,0.069,0.069,68.29%
3-Apr-11,0.041,0.041,0.041,0.041,-34.92%
27-Mar-11,0.063,0.063,0.063,0.063,-29.21%
20-Mar-11,0.089,0.089,0.089,0.089,25.35%
13-Mar-11,0.071,0.071,0.071,0.071,-6.58%
6-Mar-11,0.076,0.076,0.076,0.076,-36.13%
27-Feb-11,0.119,0.119,0.119,0.119,-9.85%
20-Feb-11,0.132,0.132,0.132,0.132,37.50%
13-Feb-11,0.096,0.096,0.096,0.096,-19.33%
6-Feb-11,0.119,0.119,0.119,0.119,-21.71%
30-Jan-11,0.152,0.152,0.152,0.152,3.40%
23-Jan-11,0.147,0.147,0.147,0.147,-6.37%
16-Jan-11,0.157,0.157,0.157,0.157,3.29%
9-Jan-11,0.152,0.152,0.152,0.152,7.04%
2-Jan-11,0.142,0.142,0.142,0.142,11.81%
26-Dec-10,0.127,0.127,0.127,0.127,-7.30%
19-Dec-10,0.137,0.137,0.137,0.137,25.69%
12-Dec-10,0.109,0.109,0.109,0.109,-10.66%
5-Dec-10,0.122,0.122,0.122,0.122,-12.86%
28-Nov-10,0.14,0.14,0.14,0.14,-12.50%
21-Nov-10,0.16,0.16,0.16,0.16,16.79%
14-Nov-10,0.137,0.137,0.137,0.137,3.79%
7-Nov-10,0.132,0.132,0.132,0.132,8.20%
31-Oct-10,0.122,0.122,0.122,0.122,2.52%
24-Oct-10,0.119,0.119,0.119,0.119,-6.30%
17-Oct-10,0.127,0.127,0.127,0.127,-10.56%
10-Oct-10,0.142,0.142,0.142,0.142,16.39%
3-Oct-10,0.122,0.122,0.122,0.122,-22.29%
26-Sep-10,0.157,0.157,0.157,0.157,6.80%
19-Sep-10,0.147,0.147,0.147,0.147,-5.16%
12-Sep-10,0.155,0.155,0.155,0.155,10.71%
5-Sep-10,0.14,0.14,0.14,0.14,6.06%
29-Aug-10,0.132,0.132,0.132,0.132,-10.20%
22-Aug-10,0.147,0.147,0.147,0.147,-3.29%
15-Aug-10,0.152,0.152,0.152,0.152,-1.94%
8-Aug-10,0.155,0.155,0.155,0.155,6.90%
1-Aug-10,0.145,0.145,0.145,0.145,-1.36%
25-Jul-10,0.147,0.147,0.147,0.147,-3.29%
18-Jul-10,0.152,0.152,0.152,0.152,0.00%
11-Jul-10,0.152,0.152,0.152,0.152,0.00%
4-Jul-10,0.152,0.152,0.152,0.152,-10.59%
27-Jun-10,0.17,0.17,0.17,0.17,26.87%
20-Jun-10,0.134,0.134,0.134,0.134,32.67%
13-Jun-10,0.101,0.101,0.101,0.101,27.85%
6-Jun-10,0.079,0.079,0.079,0.079,-38.76%
30-May-10,0.129,0.129,0.129,0.129,-20.37%
23-May-10,0.162,0.162,0.162,0.162,0.00%
16-May-10,0.162,0.162,0.162,0.162,6.58%
9-May-10,0.152,0.152,0.152,0.152,19.69%
2-May-10,0.127,0.127,0.127,0.127,-23.03%
25-Apr-10,0.165,0.165,0.165,0.165,5.10%
18-Apr-10,0.157,0.157,0.157,0.157,0.00%
11-Apr-10,0.157,0.157,0.157,0.157,0.00%
4-Apr-10,0.157,0.157,0.157,0.157,-5.99%
28-Mar-10,0.167,0.167,0.167,0.167,19.29%
21-Mar-10,0.14,0.14,0.14,0.14,-10.83%
14-Mar-10,0.157,0.157,0.157,0.157,4.67%
7-Mar-10,0.15,0.15,0.15,0.15,-1.32%
28-Feb-10,0.152,0.152,0.152,0.152,22.58%
21-Feb-10,0.124,0.124,0.124,0.124,16.98%
14-Feb-10,0.106,0.106,0.106,0.106,10.42%
7-Feb-10,0.096,0.096,0.096,0.096,2.13%
31-Jan-10,0.094,0.094,0.094,0.094,23.68%
24-Jan-10,0.076,0.076,0.076,0.076,49.02%
17-Jan-10,0.051,0.051,0.051,0.051,-16.39%
10-Jan-10,0.061,0.061,0.061,0.061,19.61%
3-Jan-10,0.051,0.051,0.051,0.051,-16.39%
27-Dec-09,0.061,0.061,0.061,0.061,27.08%
20-Dec-09,0.048,0.048,0.048,0.048,4.35%
13-Dec-09,0.046,0.046,0.046,0.046,84.00%
6-Dec-09,0.025,0.025,0.025,0.025,-50.98%
29-Nov-09,0.051,0.051,0.051,0.051,82.14%
22-Nov-09,0.028,0.028,0.028,0.028,40.00%
15-Nov-09,0.02,0.02,0.02,0.02,-68.25%
8-Nov-09,0.063,0.063,0.063,0.063,12.50%
1-Nov-09,0.056,0.056,0.056,0.056,9.80%
25-Oct-09,0.051,0.051,0.051,0.051,-16.39%
18-Oct-09,0.061,0.061,0.061,0.061,-7.58%
11-Oct-09,0.066,0.066,0.066,0.066,-7.04%
4-Oct-09,0.071,0.071,0.071,0.071,-28.28%
27-Sep-09,0.099,0.099,0.099,0.099,-1.98%
20-Sep-09,0.101,0.101,0.101,0.101,17.44%
13-Sep-09,0.086,0.086,0.086,0.086,-39.44%
6-Sep-09,0.142,0.142,0.142,0.142,3.65%
30-Aug-09,0.137,0.137,0.137,0.137,-2.14%
23-Aug-09,0.14,0.14,0.14,0.14,-16.17%
16-Aug-09,0.167,0.167,0.167,0.167,-4.57%
9-Aug-09,0.175,0.175,0.175,0.175,-1.13%
2-Aug-09,0.177,0.177,0.177,0.177,-4.32%
26-Jul-09,0.185,0.185,0.185,0.185,-1.60%
19-Jul-09,0.188,0.188,0.188,0.188,9.30%
12-Jul-09,0.172,0.172,0.172,0.172,-2.82%
5-Jul-09,0.177,0.177,0.177,0.177,9.26%
28-Jun-09,0.162,0.162,0.162,0.162,-13.83%
21-Jun-09,0.188,0.188,0.188,0.188,4.44%
14-Jun-09,0.18,0.18,0.18,0.18,4.65%
7-Jun-09,0.172,0.172,0.172,0.172,-9.47%
31-May-09,0.19,0.19,0.19,0.19,38.69%
24-May-09,0.137,0.137,0.137,0.137,-25.14%
17-May-09,0.183,0.183,0.183,0.183,10.91%
10-May-09,0.165,0.165,0.165,0.165,-8.33%
3-May-09,0.18,0.18,0.18,0.18,16.13%
26-Apr-09,0.155,0.155,0.155,0.155,46.23%
19-Apr-09,0.106,0.106,0.106,0.106,-25.35%
12-Apr-09,0.142,0.142,0.142,0.142,-24.47%
5-Apr-09,0.188,0.188,0.188,0.188,-9.62%
29-Mar-09,0.208,0.208,0.208,0.208,51.82%
22-Mar-09,0.137,0.137,0.137,0.137,-34.13%
15-Mar-09,0.208,0.208,0.208,0.208,0.00%
8-Mar-09,0.208,0.208,0.208,0.208,0.00%
1-Mar-09,0.208,0.208,0.208,0.208,-18.11%
22-Feb-09,0.254,0.254,0.254,0.254,-7.30%
15-Feb-09,0.274,0.274,0.274,0.274,-9.87%
8-Feb-09,0.304,0.304,0.304,0.304,3.40%
1-Feb-09,0.294,0.294,0.294,0.294,20.99%
25-Jan-09,0.243,0.243,0.243,0.243,140.59%
18-Jan-09,0.101,0.101,0.101,0.101,-13.68%
11-Jan-09,0.117,0.117,0.117,0.117,77.27%
4-Jan-09,0.066,0.066,0.066,0.066,-18.52%
28-Dec-08,0.081,0.081,0.081,0.081,305.00%
21-Dec-08,0.02,0.02,0.02,0.02,0.00%
14-Dec-08,0.02,0.02,0.02,0.02,-44.44%
7-Dec-08,0.036,0.036,0.036,0.036,44.00%
30-Nov-08,0.025,0.025,0.025,0.025,-30.56%
23-Nov-08,0.036,0.036,0.036,0.036,20.00%
16-Nov-08,0.03,0.03,0.03,0.03,-75.41%
9-Nov-08,0.122,0.122,0.122,0.122,-57.04%
2-Nov-08,0.284,0.284,0.284,0.284,-35.75%
26-Oct-08,0.442,0.442,0.442,0.442,-49.72%
19-Oct-08,0.879,0.879,0.879,0.879,8.79%
12-Oct-08,0.808,0.808,0.808,0.808,246.78%
5-Oct-08,0.233,0.233,0.233,0.233,-54.13%
28-Sep-08,0.508,0.508,0.508,0.508,-39.74%
21-Sep-08,0.843,0.843,0.843,0.843,-16.20%
14-Sep-08,1.006,1.006,1.006,1.006,-31.56%
7-Sep-08,1.47,1.47,1.47,1.47,-16.29%
31-Aug-08,1.756,1.756,1.756,1.756,1.74%
24-Aug-08,1.726,1.726,1.726,1.726,0.94%
17-Aug-08,1.71,1.71,1.71,1.71,-7.47%
10-Aug-08,1.848,1.848,1.848,1.848,9.67%
3-Aug-08,1.685,1.685,1.685,1.685,1.57%
27-Jul-08,1.659,1.659,1.659,1.659,-4.71%
20-Jul-08,1.741,1.741,1.741,1.741,18.03%
13-Jul-08,1.475,1.475,1.475,1.475,-6.47%
6-Jul-08,1.577,1.577,1.577,1.577,-14.89%
29-Jun-08,1.853,1.853,1.853,1.853,13.06%
22-Jun-08,1.639,1.639,1.639,1.639,-12.31%
15-Jun-08,1.869,1.869,1.869,1.869,-6.17%
8-Jun-08,1.992,1.992,1.992,1.992,8.08%
1-Jun-08,1.843,1.843,1.843,1.843,-3.25%
25-May-08,1.905,1.905,1.905,1.905,2.53%
18-May-08,1.858,1.858,1.858,1.858,1.09%
11-May-08,1.838,1.838,1.838,1.838,8.82%
4-May-08,1.689,1.689,1.689,1.689,10.75%
27-Apr-08,1.525,1.525,1.525,1.525,11.56%
20-Apr-08,1.367,1.367,1.367,1.367,1.94%
13-Apr-08,1.341,1.341,1.341,1.341,11.47%
6-Apr-08,1.203,1.203,1.203,1.203,-4.07%
30-Mar-08,1.254,1.254,1.254,1.254,-2.79%
23-Mar-08,1.29,1.29,1.29,1.29,148.55%
16-Mar-08,0.519,0.519,0.519,0.519,-53.29%
9-Mar-08,1.111,1.111,1.111,1.111,-12.52%
2-Mar-08,1.27,1.27,1.27,1.27,-28.09%
24-Feb-08,1.766,1.766,1.766,1.766,-18.28%
17-Feb-08,2.161,2.161,2.161,2.161,-0.73%
10-Feb-08,2.177,2.177,2.177,2.177,-3.37%
3-Feb-08,2.253,2.253,2.253,2.253,18.27%
27-Jan-08,1.905,1.905,1.905,1.905,-13.49%
20-Jan-08,2.202,2.202,2.202,2.202,-22.19%
13-Jan-08,2.83,2.83,2.83,2.83,-7.88%
6-Jan-08,3.072,3.072,3.072,3.072,-3.09%
30-Dec-07,3.17,3.17,3.17,3.17,2.49%
23-Dec-07,3.093,3.093,3.093,3.093,4.92%
16-Dec-07,2.948,2.948,2.948,2.948,3.22%
9-Dec-07,2.856,2.856,2.856,2.856,-5.12%
2-Dec-07,3.01,3.01,3.01,3.01,1.72%
25-Nov-07,2.959,2.959,2.959,2.959,-4.79%
18-Nov-07,3.108,3.108,3.108,3.108,-5.96%
11-Nov-07,3.305,3.305,3.305,3.305,8.86%
4-Nov-07,3.036,3.036,3.036,3.036,-13.28%
28-Oct-07,3.501,3.501,3.501,3.501,-10.57%
21-Oct-07,3.915,3.915,3.915,3.915,2.86%
14-Oct-07,3.806,3.806,3.806,3.806,-7.08%
7-Oct-07,4.096,4.096,4.096,4.096,4.78%
30-Sep-07,3.909,3.909,3.909,3.909,6.45%
23-Sep-07,3.672,3.672,3.672,3.672,-0.68%
16-Sep-07,3.697,3.697,3.697,3.697,-6.55%
9-Sep-07,3.956,3.956,3.956,3.956,0.00%
2-Sep-07,3.956,3.956,3.956,3.956,2.43%
26-Aug-07,3.862,3.862,3.862,3.862,-1.66%
19-Aug-07,3.927,3.927,3.927,3.927,5.76%
12-Aug-07,3.713,3.713,3.713,3.713,-18.07%
5-Aug-07,4.532,4.532,4.532,4.532,-5.82%
29-Jul-07,4.812,4.812,4.812,4.812,-0.43%
22-Jul-07,4.833,4.833,4.833,4.833,-2.42%
15-Jul-07,4.953,4.953,4.953,4.953,0.10%
8-Jul-07,4.948,4.948,4.948,4.948,0.53%
1-Jul-07,4.922,4.922,4.922,4.922,3.47%
24-Jun-07,4.757,4.757,4.757,4.757,1.60%
17-Jun-07,4.682,4.682,4.682,4.682,2.83%
10-Jun-07,4.553,4.553,4.553,4.553,-4.35%
3-Jun-07,4.76,4.76,4.76,4.76,0.87%
27-May-07,4.719,4.719,4.719,4.719,-2.92%
20-May-07,4.861,4.861,4.861,4.861,1.95%
13-May-07,4.768,4.768,4.768,4.768,-1.18%
6-May-07,4.825,4.825,4.825,4.825,-0.64%
29-Apr-07,4.856,4.856,4.856,4.856,-1.16%
22-Apr-07,4.913,4.913,4.913,4.913,-0.85%
15-Apr-07,4.955,4.955,4.955,4.955,-0.72%
8-Apr-07,4.991,4.991,4.991,4.991,-0.42%
1-Apr-07,5.012,5.012,5.012,5.012,-0.10%
25-Mar-07,5.017,5.017,5.017,5.017,-0.22%
18-Mar-07,5.028,5.028,5.028,5.028,0.52%
11-Mar-07,5.002,5.002,5.002,5.002,-1.22%
4-Mar-07,5.064,5.064,5.064,5.064,-0.51%
25-Feb-07,5.09,5.09,5.09,5.09,-1.51%
18-Feb-07,5.168,5.168,5.168,5.168,0.43%
11-Feb-07,5.146,5.146,5.146,5.146,0.08%
4-Feb-07,5.142,5.142,5.142,5.142,0.61%
28-Jan-07,5.111,5.111,5.111,5.111,-0.20%
21-Jan-07,5.121,5.121,5.121,5.121,0.20%
14-Jan-07,5.111,5.111,5.111,5.111,0.63%
7-Jan-07,5.079,5.079,5.079,5.079,1.24%
31-Dec-06,5.017,5.017,5.017,5.017,0.74%
24-Dec-06,4.98,4.98,4.98,4.98,0.73%
17-Dec-06,4.944,4.944,4.944,4.944,1.37%
10-Dec-06,4.877,4.877,4.877,4.877,-1.36%
3-Dec-06,4.944,4.944,4.944,4.944,-1.16%
26-Nov-06,5.002,5.002,5.002,5.002,-0.52%
19-Nov-06,5.028,5.028,5.028,5.028,-0.91%
12-Nov-06,5.074,5.074,5.074,5.074,-0.31%
5-Nov-06,5.09,5.09,5.09,5.09,0.41%
29-Oct-06,5.069,5.069,5.069,5.069,-0.41%
22-Oct-06,5.09,5.09,5.09,5.09,0.32%
15-Oct-06,5.074,5.074,5.074,5.074,0.71%
8-Oct-06,5.038,5.038,5.038,5.038,2.65%
1-Oct-06,4.908,4.908,4.908,4.908,1.18%
24-Sep-06,4.851,4.851,4.851,4.851,-0.74%
17-Sep-06,4.887,4.887,4.887,4.887,-0.53%
10-Sep-06,4.913,4.913,4.913,4.913,0.00%
3-Sep-06,4.913,4.913,4.913,4.913,-1.44%
27-Aug-06,4.985,4.985,4.985,4.985,-1.77%
20-Aug-06,5.075,5.075,5.075,5.075,0.02%
13-Aug-06,5.074,5.074,5.074,5.074,0.71%
6-Aug-06,5.038,5.038,5.038,5.038,-0.42%
30-Jul-06,5.059,5.059,5.059,5.059,0.10%
23-Jul-06,5.054,5.054,5.054,5.054,-0.20%
16-Jul-06,5.064,5.064,5.064,5.064,0.52%
9-Jul-06,5.038,5.038,5.038,5.038,1.14%
2-Jul-06,4.981,4.981,4.981,4.981,0.10%
25-Jun-06,4.976,4.976,4.976,4.976,1.82%
18-Jun-06,4.887,4.887,4.887,4.887,1.83%
11-Jun-06,4.799,4.799,4.799,4.799,-0.97%
4-Jun-06,4.846,4.846,4.846,4.846,1.08%
28-May-06,4.794,4.794,4.794,4.794,-0.42%
21-May-06,4.814,4.814,4.814,4.814,0.08%
14-May-06,4.81,4.81,4.81,4.81,0.65%
7-May-06,4.779,4.779,4.779,4.779,0.00%
30-Apr-06,4.779,4.779,4.779,4.779,0.44%
23-Apr-06,4.758,4.758,4.758,4.758,1.10%
16-Apr-06,4.706,4.706,4.706,4.706,0.66%
9-Apr-06,4.675,4.675,4.675,4.675,0.34%
2-Apr-06,4.659,4.659,4.659,4.659,1.46%
26-Mar-06,4.592,4.592,4.592,4.592,-0.78%
19-Mar-06,4.628,4.628,4.628,4.628,0.67%
12-Mar-06,4.597,4.597,4.597,4.597,0.57%
5-Mar-06,4.571,4.571,4.571,4.571,-0.46%
26-Feb-06,4.592,4.592,4.592,4.592,0.35%
19-Feb-06,4.576,4.576,4.576,4.576,1.04%
12-Feb-06,4.529,4.529,4.529,4.529,0.67%
5-Feb-06,4.499,4.499,4.499,4.499,1.06%
29-Jan-06,4.452,4.452,4.452,4.452,0.70%
22-Jan-06,4.421,4.421,4.421,4.421,1.91%
15-Jan-06,4.338,4.338,4.338,4.338,0.98%
8-Jan-06,4.296,4.296,4.296,4.296,2.58%
1-Jan-06,4.188,4.188,4.188,4.188,4.78%
25-Dec-05,3.997,3.997,3.997,3.997,0.40%
18-Dec-05,3.981,3.981,3.981,3.981,1.84%
11-Dec-05,3.909,3.909,3.909,3.909,-0.26%
4-Dec-05,3.919,3.919,3.919,3.919,-1.19%
27-Nov-05,3.966,3.966,3.966,3.966,0.79%
20-Nov-05,3.935,3.935,3.935,3.935,-1.55%
13-Nov-05,3.997,3.997,3.997,3.997,1.04%
6-Nov-05,3.956,3.956,3.956,3.956,0.79%
30-Oct-05,3.925,3.925,3.925,3.925,1.21%
23-Oct-05,3.878,3.878,3.878,3.878,0.62%
16-Oct-05,3.854,3.854,3.854,3.854,3.38%
9-Oct-05,3.728,3.728,3.728,3.728,5.40%
2-Oct-05,3.537,3.537,3.537,3.537,0.54%
25-Sep-05,3.518,3.518,3.518,3.518,1.97%
18-Sep-05,3.45,3.45,3.45,3.45,0.61%
11-Sep-05,3.429,3.429,3.429,3.429,-0.61%
4-Sep-05,3.45,3.45,3.45,3.45,1.23%
28-Aug-05,3.408,3.408,3.408,3.408,-2.82%
21-Aug-05,3.507,3.507,3.507,3.507,1.21%
14-Aug-05,3.465,3.465,3.465,3.465,-0.60%
7-Aug-05,3.486,3.486,3.486,3.486,0.90%
31-Jul-05,3.455,3.455,3.455,3.455,1.95%
24-Jul-05,3.389,3.389,3.389,3.389,1.56%
17-Jul-05,3.337,3.337,3.337,3.337,4.02%
10-Jul-05,3.208,3.208,3.208,3.208,2.30%
3-Jul-05,3.136,3.136,3.136,3.136,0.84%
26-Jun-05,3.11,3.11,3.11,3.11,1.83%
19-Jun-05,3.054,3.054,3.054,3.054,3.67%
12-Jun-05,2.946,2.946,2.946,2.946,-1.01%
5-Jun-05,2.976,2.976,2.976,2.976,0.51%
29-May-05,2.961,2.961,2.961,2.961,1.40%
22-May-05,2.92,2.92,2.92,2.92,2.35%
15-May-05,2.853,2.853,2.853,2.853,2.00%
8-May-05,2.797,2.797,2.797,2.797,0.39%
1-May-05,2.786,2.786,2.786,2.786,-2.89%
24-Apr-05,2.869,2.869,2.869,2.869,0.21%
17-Apr-05,2.863,2.863,2.863,2.863,4.11%
10-Apr-05,2.75,2.75,2.75,2.75,0.00%
3-Apr-05,2.75,2.75,2.75,2.75,-0.58%
27-Mar-05,2.766,2.766,2.766,2.766,-1.64%
20-Mar-05,2.812,2.812,2.812,2.812,1.30%
13-Mar-05,2.776,2.776,2.776,2.776,1.50%
6-Mar-05,2.735,2.735,2.735,2.735,-0.18%
27-Feb-05,2.74,2.74,2.74,2.74,2.51%
20-Feb-05,2.673,2.673,2.673,2.673,4.01%
13-Feb-05,2.57,2.57,2.57,2.57,2.23%
6-Feb-05,2.514,2.514,2.514,2.514,1.86%
30-Jan-05,2.468,2.468,2.468,2.468,1.48%
23-Jan-05,2.432,2.432,2.432,2.432,3.93%
16-Jan-05,2.34,2.34,2.34,2.34,0.00%
9-Jan-05,2.34,2.34,2.34,2.34,1.78%
2-Jan-05,2.299,2.299,2.299,2.299,4.17%
26-Dec-04,2.207,2.207,2.207,2.207,1.19%
19-Dec-04,2.181,2.181,2.181,2.181,0.00%
12-Dec-04,2.181,2.181,2.181,2.181,-2.07%
5-Dec-04,2.227,2.227,2.227,2.227,1.88%
28-Nov-04,2.186,2.186,2.186,2.186,0.92%
21-Nov-04,2.166,2.166,2.166,2.166,2.17%
14-Nov-04,2.12,2.12,2.12,2.12,3.01%
7-Nov-04,2.058,2.058,2.058,2.058,4.68%
31-Oct-04,1.966,1.966,1.966,1.966,3.80%
24-Oct-04,1.894,1.894,1.894,1.894,3.61%
17-Oct-04,1.828,1.828,1.828,1.828,6.28%
10-Oct-04,1.72,1.72,1.72,1.72,2.75%
3-Oct-04,1.674,1.674,1.674,1.674,-0.36%
26-Sep-04,1.68,1.68,1.68,1.68,-1.75%
19-Sep-04,1.71,1.71,1.71,1.71,3.07%
12-Sep-04,1.659,1.659,1.659,1.659,1.53%
5-Sep-04,1.634,1.634,1.634,1.634,4.28%
29-Aug-04,1.567,1.567,1.567,1.567,1.95%
22-Aug-04,1.537,1.537,1.537,1.537,4.63%
15-Aug-04,1.469,1.469,1.469,1.469,2.87%
8-Aug-04,1.428,1.428,1.428,1.428,1.42%
1-Aug-04,1.408,1.408,1.408,1.408,-2.15%
25-Jul-04,1.439,1.439,1.439,1.439,7.71%
18-Jul-04,1.336,1.336,1.336,1.336,0.00%
11-Jul-04,1.336,1.336,1.336,1.336,6.12%
4-Jul-04,1.259,1.259,1.259,1.259,3.37%
27-Jun-04,1.218,1.218,1.218,1.218,-4.84%
20-Jun-04,1.28,1.28,1.28,1.28,1.19%
13-Jun-04,1.265,1.265,1.265,1.265,0.00%
6-Jun-04,1.265,1.265,1.265,1.265,7.84%
30-May-04,1.173,1.173,1.173,1.173,10.66%
23-May-04,1.06,1.06,1.06,1.06,3.52%
16-May-04,1.024,1.024,1.024,1.024,5.24%
9-May-04,0.973,0.973,0.973,0.973,-1.62%
2-May-04,0.989,0.989,0.989,0.989,2.17%
25-Apr-04,0.968,0.968,0.968,0.968,1.04%
18-Apr-04,0.958,0.958,0.958,0.958,2.24%
11-Apr-04,0.937,0.937,0.937,0.937,0.54%
4-Apr-04,0.932,0.932,0.932,0.932,-1.17%
28-Mar-04,0.943,0.943,0.943,0.943,0.64%
21-Mar-04,0.937,0.937,0.937,0.937,0.54%
14-Mar-04,0.932,0.932,0.932,0.932,-1.69%
7-Mar-04,0.948,0.948,0.948,0.948,0.00%
29-Feb-04,0.948,0.948,0.948,0.948,0.00%
22-Feb-04,0.948,0.948,0.948,0.948,1.72%
15-Feb-04,0.932,0.932,0.932,0.932,1.64%
8-Feb-04,0.917,0.917,0.917,0.917,-1.08%
1-Feb-04,0.927,0.927,0.927,0.927,1.09%
25-Jan-04,0.917,0.917,0.917,0.917,5.28%
18-Jan-04,0.871,0.871,0.871,0.871,0.00%
11-Jan-04,0.871,0.871,0.871,0.871,1.16%
4-Jan-04,0.861,0.861,0.861,0.861,-6.11%
28-Dec-03,0.917,0.917,0.917,0.917,5.28%
21-Dec-03,0.871,0.871,0.871,0.871,-1.14%
14-Dec-03,0.881,0.881,0.881,0.881,-2.87%
7-Dec-03,0.907,0.907,0.907,0.907,-0.55%
30-Nov-03,0.912,0.912,0.912,0.912,-2.67%
23-Nov-03,0.937,0.937,0.937,0.937,0.00%
16-Nov-03,0.937,0.937,0.937,0.937,-2.19%
9-Nov-03,0.958,0.958,0.958,0.958,-0.52%
2-Nov-03,0.963,0.963,0.963,0.963,1.05%
26-Oct-03,0.953,0.953,0.953,0.953,0.00%
19-Oct-03,0.953,0.953,0.953,0.953,2.25%
12-Oct-03,0.932,0.932,0.932,0.932,2.76%
5-Oct-03,0.907,0.907,0.907,0.907,-2.68%
28-Sep-03,0.932,0.932,0.932,0.932,-1.69%
21-Sep-03,0.948,0.948,0.948,0.948,-1.04%
14-Sep-03,0.958,0.958,0.958,0.958,0.52%
7-Sep-03,0.953,0.953,0.953,0.953,0.53%
31-Aug-03,0.948,0.948,0.948,0.948,-3.07%
24-Aug-03,0.978,0.978,0.978,0.978,0.00%
17-Aug-03,0.978,0.978,0.978,0.978,3.16%
10-Aug-03,0.948,0.948,0.948,0.948,-2.07%
3-Aug-03,0.968,0.968,0.968,0.968,2.65%
27-Jul-03,0.943,0.943,0.943,0.943,1.73%
20-Jul-03,0.927,0.927,0.927,0.927,3.34%
13-Jul-03,0.897,0.897,0.897,0.897,0.67%
6-Jul-03,0.891,0.891,0.891,0.891,2.89%
29-Jun-03,0.866,0.866,0.866,0.866,-0.57%
22-Jun-03,0.871,0.871,0.871,0.871,4.94%
15-Jun-03,0.83,0.83,0.83,0.83,-3.04%
8-Jun-03,0.856,0.856,0.856,0.856,-18.86%
1-Jun-03,1.055,1.055,1.055,1.055,-5.04%
25-May-03,1.111,1.111,1.111,1.111,2.87%
18-May-03,1.08,1.08,1.08,1.08,4.45%
11-May-03,1.034,1.034,1.034,1.034,-6.51%
4-May-03,1.106,1.106,1.106,1.106,-1.78%
27-Apr-03,1.126,1.126,1.126,1.126,-1.83%
20-Apr-03,1.147,1.147,1.147,1.147,-3.04%
13-Apr-03,1.183,1.183,1.183,1.183,0.51%
6-Apr-03,1.177,1.177,1.177,1.177,6.90%
30-Mar-03,1.101,1.101,1.101,1.101,-5.66%
23-Mar-03,1.167,1.167,1.167,1.167,-1.35%
16-Mar-03,1.183,1.183,1.183,1.183,4.05%
9-Mar-03,1.137,1.137,1.137,1.137,-3.40%
2-Mar-03,1.177,1.177,1.177,1.177,-2.16%
23-Feb-03,1.203,1.203,1.203,1.203,0.00%
16-Feb-03,1.203,1.203,1.203,1.203,1.26%
9-Feb-03,1.188,1.188,1.188,1.188,1.37%
2-Feb-03,1.172,1.172,1.172,1.172,-0.42%
26-Jan-03,1.177,1.177,1.177,1.177,2.17%
19-Jan-03,1.152,1.152,1.152,1.152,-3.44%
12-Jan-03,1.193,1.193,1.193,1.193,-0.83%
5-Jan-03,1.203,1.203,1.203,1.203,-1.72%
29-Dec-02,1.224,1.224,1.224,1.224,4.44%
22-Dec-02,1.172,1.172,1.172,1.172,-2.33%
15-Dec-02,1.2,1.2,1.2,1.2,-1.07%
8-Dec-02,1.213,1.213,1.213,1.213,-1.70%
1-Dec-02,1.234,1.234,1.234,1.234,-1.59%
24-Nov-02,1.254,1.254,1.254,1.254,2.45%
17-Nov-02,1.224,1.224,1.224,1.224,-0.81%
10-Nov-02,1.234,1.234,1.234,1.234,0.41%
3-Nov-02,1.229,1.229,1.229,1.229,-14.24%
27-Oct-02,1.433,1.433,1.433,1.433,-13.05%
20-Oct-02,1.648,1.648,1.648,1.648,-1.55%
13-Oct-02,1.674,1.674,1.674,1.674,5.48%
6-Oct-02,1.587,1.587,1.587,1.587,-1.92%
29-Sep-02,1.618,1.618,1.618,1.618,-1.22%
22-Sep-02,1.638,1.638,1.638,1.638,-0.91%
15-Sep-02,1.653,1.653,1.653,1.653,-2.76%
8-Sep-02,1.7,1.7,1.7,1.7,2.47%
1-Sep-02,1.659,1.659,1.659,1.659,-1.78%
25-Aug-02,1.689,1.689,1.689,1.689,1.81%
18-Aug-02,1.659,1.659,1.659,1.659,2.22%
11-Aug-02,1.623,1.623,1.623,1.623,0.00%
4-Aug-02,1.623,1.623,1.623,1.623,-0.31%
28-Jul-02,1.628,1.628,1.628,1.628,-3.90%
21-Jul-02,1.694,1.694,1.694,1.694,-1.22%
14-Jul-02,1.715,1.715,1.715,1.715,-0.29%
7-Jul-02,1.72,1.72,1.72,1.72,-0.58%
30-Jun-02,1.73,1.73,1.73,1.73,1.76%
23-Jun-02,1.7,1.7,1.7,1.7,-1.73%
16-Jun-02,1.73,1.73,1.73,1.73,0.58%
9-Jun-02,1.72,1.72,1.72,1.72,-1.49%
2-Jun-02,1.746,1.746,1.746,1.746,0.00%
26-May-02,1.746,1.746,1.746,1.746,-0.29%
19-May-02,1.751,1.751,1.751,1.751,-0.57%
12-May-02,1.761,1.761,1.761,1.761,-0.28%
5-May-02,1.766,1.766,1.766,1.766,-0.28%
28-Apr-02,1.771,1.771,1.771,1.771,1.14%
21-Apr-02,1.751,1.751,1.751,1.751,0.57%
14-Apr-02,1.741,1.741,1.741,1.741,1.22%
7-Apr-02,1.72,1.72,1.72,1.72,-2.60%
31-Mar-02,1.766,1.766,1.766,1.766,-2.32%
24-Mar-02,1.808,1.808,1.808,1.808,-2.16%
17-Mar-02,1.848,1.848,1.848,1.848,-0.86%
10-Mar-02,1.864,1.864,1.864,1.864,3.15%
3-Mar-02,1.807,1.807,1.807,1.807,1.40%
24-Feb-02,1.782,1.782,1.782,1.782,1.48%
17-Feb-02,1.756,1.756,1.756,1.756,0.57%
10-Feb-02,1.746,1.746,1.746,1.746,1.16%
3-Feb-02,1.726,1.726,1.726,1.726,-2.27%
27-Jan-02,1.766,1.766,1.766,1.766,2.67%
20-Jan-02,1.72,1.72,1.72,1.72,5.65%
13-Jan-02,1.628,1.628,1.628,1.628,1.24%
6-Jan-02,1.608,1.608,1.608,1.608,-6.51%
30-Dec-01,1.72,1.72,1.72,1.72,0.29%
23-Dec-01,1.715,1.715,1.715,1.715,-0.29%
16-Dec-01,1.72,1.72,1.72,1.72,-1.49%
9-Dec-01,1.746,1.746,1.746,1.746,2.40%
2-Dec-01,1.705,1.705,1.705,1.705,-4.32%
25-Nov-01,1.782,1.782,1.782,1.782,-10.54%
18-Nov-01,1.992,1.992,1.992,1.992,1.58%
11-Nov-01,1.961,1.961,1.961,1.961,7.28%
4-Nov-01,1.828,1.828,1.828,1.828,-9.37%
28-Oct-01,2.017,2.017,2.017,2.017,-6.62%
21-Oct-01,2.16,2.16,2.16,2.16,-1.86%
14-Oct-01,2.201,2.201,2.201,2.201,-3.63%
7-Oct-01,2.284,2.284,2.284,2.284,2.79%
30-Sep-01,2.222,2.222,2.222,2.222,-6.28%
23-Sep-01,2.371,2.371,2.371,2.371,5.24%
16-Sep-01,2.253,2.253,2.253,2.253,-14.40%
9-Sep-01,2.632,2.632,2.632,2.632,-19.46%
2-Sep-01,3.268,3.268,3.268,3.268,-3.26%
26-Aug-01,3.378,3.378,3.378,3.378,-1.52%
19-Aug-01,3.43,3.43,3.43,3.43,1.54%
12-Aug-01,3.378,3.378,3.378,3.378,-2.20%
5-Aug-01,3.454,3.454,3.454,3.454,-2.24%
29-Jul-01,3.533,3.533,3.533,3.533,-0.59%
22-Jul-01,3.554,3.554,3.554,3.554,0.17%
15-Jul-01,3.548,3.548,3.548,3.548,-2.29%
8-Jul-01,3.631,3.631,3.631,3.631,0.00%
1-Jul-01,3.631,3.631,3.631,3.631,-1.12%
24-Jun-01,3.672,3.672,3.672,3.672,6.28%
17-Jun-01,3.455,3.455,3.455,3.455,-1.90%
10-Jun-01,3.522,3.522,3.522,3.522,-3.40%
3-Jun-01,3.646,3.646,3.646,3.646,-0.14%
27-May-01,3.651,3.651,3.651,3.651,-1.11%
20-May-01,3.692,3.692,3.692,3.692,2.27%
13-May-01,3.61,3.61,3.61,3.61,-3.32%
6-May-01,3.734,3.734,3.734,3.734,-0.27%
29-Apr-01,3.744,3.744,3.744,3.744,-2.55%
22-Apr-01,3.842,3.842,3.842,3.842,2.05%
15-Apr-01,3.765,3.765,3.765,3.765,-6.39%
8-Apr-01,4.022,4.022,4.022,4.022,1.28%
1-Apr-01,3.971,3.971,3.971,3.971,-7.48%
25-Mar-01,4.292,4.292,4.292,4.292,0.26%
18-Mar-01,4.281,4.281,4.281,4.281,-5.60%
11-Mar-01,4.535,4.535,4.535,4.535,-4.06%
4-Mar-01,4.727,4.727,4.727,4.727,-2.35%
25-Feb-01,4.841,4.841,4.841,4.841,-1.16%
18-Feb-01,4.898,4.898,4.898,4.898,-1.13%
11-Feb-01,4.954,4.954,4.954,4.954,-2.08%
4-Feb-01,5.059,5.059,5.059,5.059,0.00%
28-Jan-01,5.059,5.059,5.059,5.059,-2.11%
21-Jan-01,5.168,5.168,5.168,5.168,-1.09%
14-Jan-01,5.225,5.225,5.225,5.225,-2.32%
7-Jan-01,5.349,5.349,5.349,5.349,4.45%
31-Dec-00,5.121,5.121,5.121,5.121,-12.74%
24-Dec-00,5.869,5.869,5.869,5.869,12.11%
17-Dec-00,5.235,5.235,5.235,5.235,-12.84%
10-Dec-00,6.006,6.006,6.006,6.006,-1.12%
3-Dec-00,6.074,6.074,6.074,6.074,-2.17%
26-Nov-00,6.209,6.209,6.209,6.209,-2.22%
19-Nov-00,6.35,6.35,6.35,6.35,0.24%
12-Nov-00,6.335,6.335,6.335,6.335,0.43%
5-Nov-00,6.308,6.308,6.308,6.308,-1.08%
29-Oct-00,6.377,6.377,6.377,6.377,0.92%
22-Oct-00,6.319,6.319,6.319,6.319,0.33%
15-Oct-00,6.298,6.298,6.298,6.298,2.54%
8-Oct-00,6.142,6.142,6.142,6.142,-1.32%
1-Oct-00,6.224,6.224,6.224,6.224,0.24%
24-Sep-00,6.209,6.209,6.209,6.209,0.84%
17-Sep-00,6.157,6.157,6.157,6.157,0.34%
10-Sep-00,6.136,6.136,6.136,6.136,-0.10%
3-Sep-00,6.142,6.142,6.142,6.142,-1.93%
27-Aug-00,6.263,6.263,6.263,6.263,-0.41%
20-Aug-00,6.289,6.289,6.289,6.289,0.53%
13-Aug-00,6.256,6.256,6.256,6.256,0.32%
6-Aug-00,6.236,6.236,6.236,6.236,0.43%
30-Jul-00,6.209,6.209,6.209,6.209,0.42%
23-Jul-00,6.183,6.183,6.183,6.183,1.36%
16-Jul-00,6.1,6.1,6.1,6.1,-1.01%
9-Jul-00,6.162,6.162,6.162,6.162,2.43%
2-Jul-00,6.016,6.016,6.016,6.016,2.66%
25-Jun-00,5.86,5.86,5.86,5.86,0.36%
18-Jun-00,5.839,5.839,5.839,5.839,0.53%
11-Jun-00,5.808,5.808,5.808,5.808,-1.59%
4-Jun-00,5.902,5.902,5.902,5.902,1.62%
28-May-00,5.808,5.808,5.808,5.808,0.38%
21-May-00,5.786,5.786,5.786,5.786,-0.91%
14-May-00,5.839,5.839,5.839,5.839,-4.51%
7-May-00,6.115,6.115,6.115,6.115,2.89%
30-Apr-00,5.943,5.943,5.943,5.943,2.24%
23-Apr-00,5.813,5.813,5.813,5.813,0.59%
16-Apr-00,5.779,5.779,5.779,5.779,0.26%
9-Apr-00,5.764,5.764,5.764,5.764,-1.81%
2-Apr-00,5.87,5.87,5.87,5.87,0.17%
26-Mar-00,5.86,5.86,5.86,5.86,-0.36%
19-Mar-00,5.881,5.881,5.881,5.881,0.27%
12-Mar-00,5.865,5.865,5.865,5.865,1.35%
5-Mar-00,5.787,5.787,5.787,5.787,0.00%
27-Feb-00,5.787,5.787,5.787,5.787,0.09%
20-Feb-00,5.782,5.782,5.782,5.782,0.93%
13-Feb-00,5.729,5.729,5.729,5.729,1.70%
6-Feb-00,5.633,5.633,5.633,5.633,0.14%
30-Jan-00,5.625,5.625,5.625,5.625,0.00%
23-Jan-00,5.625,5.625,5.625,5.625,3.65%
16-Jan-00,5.427,5.427,5.427,5.427,0.50%
9-Jan-00,5.4,5.4,5.4,5.4,0.47%
2-Jan-00,5.375,5.375,5.375,5.375,3.23%
26-Dec-99,5.207,5.207,5.207,5.207,-4.56%
19-Dec-99,5.456,5.456,5.456,5.456,0.35%
12-Dec-99,5.437,5.437,5.437,5.437,4.40%
5-Dec-99,5.208,5.208,5.208,5.208,-0.59%
28-Nov-99,5.239,5.239,5.239,5.239,-0.80%
21-Nov-99,5.281,5.281,5.281,5.281,1.21%
14-Nov-99,5.218,5.218,5.218,5.218,0.19%
7-Nov-99,5.208,5.208,5.208,5.208,2.26%
31-Oct-99,5.093,5.093,5.093,5.093,0.00%
24-Oct-99,5.093,5.093,5.093,5.093,0.61%
17-Oct-99,5.062,5.062,5.062,5.062,0.82%
10-Oct-99,5.021,5.021,5.021,5.021,4.58%
3-Oct-99,4.801,4.801,4.801,4.801,-0.23%
26-Sep-99,4.812,4.812,4.812,4.812,0.65%
19-Sep-99,4.781,4.781,4.781,4.781,2.80%
12-Sep-99,4.651,4.651,4.651,4.651,-1.88%
5-Sep-99,4.74,4.74,4.74,4.74,-3.17%
29-Aug-99,4.895,4.895,4.895,4.895,-1.49%
22-Aug-99,4.969,4.969,4.969,4.969,3.69%
15-Aug-99,4.792,4.792,4.792,4.792,1.31%
8-Aug-99,4.73,4.73,4.73,4.73,-0.86%
1-Aug-99,4.771,4.771,4.771,4.771,0.55%
25-Jul-99,4.745,4.745,4.745,4.745,2.82%
18-Jul-99,4.615,4.615,4.615,4.615,-1.11%
11-Jul-99,4.667,4.667,4.667,4.667,0.00%
4-Jul-99,4.667,4.667,4.667,4.667,0.02%
27-Jun-99,4.666,4.666,4.666,4.666,-2.41%
20-Jun-99,4.781,4.781,4.781,4.781,2.66%
13-Jun-99,4.657,4.657,4.657,4.657,-1.52%
6-Jun-99,4.729,4.729,4.729,4.729,4.23%
30-May-99,4.537,4.537,4.537,4.537,-2.11%
23-May-99,4.635,4.635,4.635,4.635,1.11%
16-May-99,4.584,4.584,4.584,4.584,-0.89%
9-May-99,4.625,4.625,4.625,4.625,2.53%
2-May-99,4.511,4.511,4.511,4.511,-0.46%
25-Apr-99,4.532,4.532,4.532,4.532,2.46%
18-Apr-99,4.423,4.423,4.423,4.423,2.29%
11-Apr-99,4.324,4.324,4.324,4.324,-0.89%
4-Apr-99,4.363,4.363,4.363,4.363,-1.27%
28-Mar-99,4.419,4.419,4.419,4.419,-1.82%
21-Mar-99,4.501,4.501,4.501,4.501,0.00%
14-Mar-99,4.501,4.501,4.501,4.501,-1.57%
7-Mar-99,4.573,4.573,4.573,4.573,-0.91%
28-Feb-99,4.615,4.615,4.615,4.615,-0.90%
21-Feb-99,4.657,4.657,4.657,4.657,2.58%
14-Feb-99,4.54,4.54,4.54,4.54,0.46%
7-Feb-99,4.519,4.519,4.519,4.519,0.69%
31-Jan-99,4.488,4.488,4.488,4.488,0.92%
24-Jan-99,4.447,4.447,4.447,4.447,2.39%
17-Jan-99,4.343,4.343,4.343,4.343,-1.63%
10-Jan-99,4.415,4.415,4.415,4.415,-0.83%
3-Jan-99,4.452,4.452,4.452,4.452,-0.36%
27-Dec-98,4.468,4.468,4.468,4.468,-2.04%
20-Dec-98,4.561,4.561,4.561,4.561,2.08%
13-Dec-98,4.468,4.468,4.468,4.468,-0.45%
6-Dec-98,4.488,4.488,4.488,4.488,0.45%
29-Nov-98,4.468,4.468,4.468,4.468,-1.37%
22-Nov-98,4.53,4.53,4.53,4.53,1.64%
15-Nov-98,4.457,4.457,4.457,4.457,0.22%
8-Nov-98,4.447,4.447,4.447,4.447,-4.24%
1-Nov-98,4.644,4.644,4.644,4.644,7.95%
25-Oct-98,4.302,4.302,4.302,4.302,10.62%
18-Oct-98,3.889,3.889,3.889,3.889,7.28%
11-Oct-98,3.625,3.625,3.625,3.625,-3.97%
4-Oct-98,3.775,3.775,3.775,3.775,-9.97%
27-Sep-98,4.193,4.193,4.193,4.193,-6.47%
20-Sep-98,4.483,4.483,4.483,4.483,-2.37%
13-Sep-98,4.592,4.592,4.592,4.592,-5.44%
6-Sep-98,4.856,4.856,4.856,4.856,0.23%
30-Aug-98,4.845,4.845,4.845,4.845,-0.35%
23-Aug-98,4.862,4.862,4.862,4.862,-2.68%
16-Aug-98,4.996,4.996,4.996,4.996,-0.42%
9-Aug-98,5.017,5.017,5.017,5.017,0.52%
2-Aug-98,4.991,4.991,4.991,4.991,-1.54%
26-Jul-98,5.069,5.069,5.069,5.069,0.00%
19-Jul-98,5.069,5.069,5.069,5.069,-1.02%
12-Jul-98,5.121,5.121,5.121,5.121,1.65%
5-Jul-98,5.038,5.038,5.038,5.038,-0.20%
28-Jun-98,5.048,5.048,5.048,5.048,1.24%
21-Jun-98,4.986,4.986,4.986,4.986,-3.00%
14-Jun-98,5.14,5.14,5.14,5.14,1.18%
7-Jun-98,5.08,5.08,5.08,5.08,0.00%
31-May-98,5.08,5.08,5.08,5.08,1.46%
24-May-98,5.007,5.007,5.007,5.007,-3.56%
17-May-98,5.192,5.192,5.192,5.192,0.78%
10-May-98,5.152,5.152,5.152,5.152,0.88%
3-May-98,5.107,5.107,5.107,5.107,4.54%
26-Apr-98,4.885,4.885,4.885,4.885,-2.48%
19-Apr-98,5.009,5.009,5.009,5.009,-0.67%
12-Apr-98,5.043,5.043,5.043,5.043,-0.10%
5-Apr-98,5.048,5.048,5.048,5.048,0.30%
29-Mar-98,5.033,5.033,5.033,5.033,-2.31%
22-Mar-98,5.152,5.152,5.152,5.152,-0.06%
15-Mar-98,5.155,5.155,5.155,5.155,1.50%
8-Mar-98,5.079,5.079,5.079,5.079,-1.19%
1-Mar-98,5.14,5.14,5.14,5.14,-3.17%
22-Feb-98,5.308,5.308,5.308,5.308,2.10%
15-Feb-98,5.199,5.199,5.199,5.199,1.13%
8-Feb-98,5.141,5.141,5.141,5.141,-0.21%
1-Feb-98,5.152,5.152,5.152,5.152,-0.39%
25-Jan-98,5.172,5.172,5.172,5.172,0.80%
18-Jan-98,5.131,5.131,5.131,5.131,0.23%
11-Jan-98,5.119,5.119,5.119,5.119,2.46%
4-Jan-98,4.996,4.996,4.996,4.996,-5.63%
28-Dec-97,5.294,5.294,5.294,5.294,-1.05%
21-Dec-97,5.35,5.35,5.35,5.35,0.60%
14-Dec-97,5.318,5.318,5.318,5.318,3.06%
7-Dec-97,5.16,5.16,5.16,5.16,-2.38%
30-Nov-97,5.286,5.286,5.286,5.286,2.05%
23-Nov-97,5.18,5.18,5.18,5.18,-0.86%
16-Nov-97,5.225,5.225,5.225,5.225,-0.38%
9-Nov-97,5.245,5.245,5.245,5.245,-0.78%
2-Nov-97,5.286,5.286,5.286,5.286,1.81%
26-Oct-97,5.192,5.192,5.192,5.192,1.43%
19-Oct-97,5.119,5.119,5.119,5.119,2.09%
12-Oct-97,5.014,5.014,5.014,5.014,-1.65%
5-Oct-97,5.098,5.098,5.098,5.098,1.59%
28-Sep-97,5.018,5.018,5.018,5.018,1.95%
21-Sep-97,4.922,4.922,4.922,4.922,-2.50%
14-Sep-97,5.048,5.048,5.048,5.048,-0.73%
7-Sep-97,5.085,5.085,5.085,5.085,-1.07%
31-Aug-97,5.14,5.14,5.14,5.14,-1.15%
24-Aug-97,5.2,5.2,5.2,5.2,-0.29%
17-Aug-97,5.215,5.215,5.215,5.215,-0.69%
10-Aug-97,5.251,5.251,5.251,5.251,-0.68%
3-Aug-97,5.287,5.287,5.287,5.287,0.59%
27-Jul-97,5.256,5.256,5.256,5.256,0.79%
20-Jul-97,5.215,5.215,5.215,5.215,0.29%
13-Jul-97,5.2,5.2,5.2,5.2,1.74%
6-Jul-97,5.111,5.111,5.111,5.111,-0.39%
29-Jun-97,5.131,5.131,5.131,5.131,0.20%
22-Jun-97,5.121,5.121,5.121,5.121,1.25%
15-Jun-97,5.058,5.058,5.058,5.058,1.87%
8-Jun-97,4.965,4.965,4.965,4.965,-1.64%
1-Jun-97,5.048,5.048,5.048,5.048,2.31%
25-May-97,4.934,4.934,4.934,4.934,-4.21%
18-May-97,5.151,5.151,5.151,5.151,0.08%
11-May-97,5.147,5.147,5.147,5.147,-0.19%
4-May-97,5.157,5.157,5.157,5.157,-1.07%
27-Apr-97,5.213,5.213,5.213,5.213,-1.38%
20-Apr-97,5.286,5.286,5.286,5.286,-0.02%
13-Apr-97,5.287,5.287,5.287,5.287,0.02%
6-Apr-97,5.286,5.286,5.286,5.286,0.40%
30-Mar-97,5.265,5.265,5.265,5.265,-1.94%
23-Mar-97,5.369,5.369,5.369,5.369,-0.19%
16-Mar-97,5.379,5.379,5.379,5.379,3.18%
9-Mar-97,5.213,5.213,5.213,5.213,0.58%
2-Mar-97,5.183,5.183,5.183,5.183,-0.80%
23-Feb-97,5.225,5.225,5.225,5.225,2.87%
16-Feb-97,5.079,5.079,5.079,5.079,0.02%
9-Feb-97,5.078,5.078,5.078,5.078,-0.94%
2-Feb-97,5.126,5.126,5.126,5.126,-0.27%
26-Jan-97,5.14,5.14,5.14,5.14,-0.23%
19-Jan-97,5.152,5.152,5.152,5.152,0.64%
12-Jan-97,5.119,5.119,5.119,5.119,-0.64%
5-Jan-97,5.152,5.152,5.152,5.152,0.00%
29-Dec-96,5.152,5.152,5.152,5.152,1.02%
22-Dec-96,5.1,5.1,5.1,5.1,2.12%
15-Dec-96,4.994,4.994,4.994,4.994,1.67%
8-Dec-96,4.912,4.912,4.912,4.912,-1.64%
1-Dec-96,4.994,4.994,4.994,4.994,-2.44%
24-Nov-96,5.119,5.119,5.119,5.119,-0.74%
17-Nov-96,5.157,5.157,5.157,5.157,0.51%
10-Nov-96,5.131,5.131,5.131,5.131,-0.39%
3-Nov-96,5.151,5.151,5.151,5.151,-0.02%
27-Oct-96,5.152,5.152,5.152,5.152,0.88%
20-Oct-96,5.107,5.107,5.107,5.107,0.39%
13-Oct-96,5.087,5.087,5.087,5.087,-0.76%
6-Oct-96,5.126,5.126,5.126,5.126,2.64%
29-Sep-96,4.994,4.994,4.994,4.994,-0.64%
22-Sep-96,5.026,5.026,5.026,5.026,-4.58%
15-Sep-96,5.267,5.267,5.267,5.267,1.44%
8-Sep-96,5.192,5.192,5.192,5.192,-2.37%
1-Sep-96,5.318,5.318,5.318,5.318,0.68%
25-Aug-96,5.282,5.282,5.282,5.282,2.76%
18-Aug-96,5.14,5.14,5.14,5.14,-0.23%
11-Aug-96,5.152,5.152,5.152,5.152,0.41%
4-Aug-96,5.131,5.131,5.131,5.131,-1.17%
28-Jul-96,5.192,5.192,5.192,5.192,-1.55%
21-Jul-96,5.274,5.274,5.274,5.274,0.53%
14-Jul-96,5.246,5.246,5.246,5.246,0.21%
7-Jul-96,5.235,5.235,5.235,5.235,-0.57%
30-Jun-96,5.265,5.265,5.265,5.265,2.19%
23-Jun-96,5.152,5.152,5.152,5.152,-1.77%
16-Jun-96,5.245,5.245,5.245,5.245,0.88%
9-Jun-96,5.199,5.199,5.199,5.199,-0.31%
2-Jun-96,5.215,5.215,5.215,5.215,1.22%
26-May-96,5.152,5.152,5.152,5.152,0.02%
19-May-96,5.151,5.151,5.151,5.151,0.18%
12-May-96,5.142,5.142,5.142,5.142,0.45%
5-May-96,5.119,5.119,5.119,5.119,0.39%
28-Apr-96,5.099,5.099,5.099,5.099,0.24%
21-Apr-96,5.087,5.087,5.087,5.087,1.62%
14-Apr-96,5.006,5.006,5.006,5.006,-0.79%
7-Apr-96,5.046,5.046,5.046,5.046,-2.08%
31-Mar-96,5.153,5.153,5.153,5.153,0.53%
24-Mar-96,5.126,5.126,5.126,5.126,0.77%
17-Mar-96,5.087,5.087,5.087,5.087,-0.39%
10-Mar-96,5.107,5.107,5.107,5.107,2.00%
3-Mar-96,5.007,5.007,5.007,5.007,1.09%
25-Feb-96,4.953,4.953,4.953,4.953,-0.10%
18-Feb-96,4.958,4.958,4.958,4.958,1.49%
11-Feb-96,4.885,4.885,4.885,4.885,-0.85%
4-Feb-96,4.927,4.927,4.927,4.927,-1.04%
28-Jan-96,4.979,4.979,4.979,4.979,-2.24%
21-Jan-96,5.093,5.093,5.093,5.093,-0.22%
14-Jan-96,5.104,5.104,5.104,5.104,-0.95%
7-Jan-96,5.153,5.153,5.153,5.153,-0.25%
31-Dec-95,5.166,5.166,5.166,5.166,1.63%
24-Dec-95,5.083,5.083,5.083,5.083,1.52%
17-Dec-95,5.007,5.007,5.007,5.007,-6.11%
10-Dec-95,5.333,5.333,5.333,5.333,-2.59%
3-Dec-95,5.475,5.475,5.475,5.475,0.70%
26-Nov-95,5.437,5.437,5.437,5.437,-0.68%
19-Nov-95,5.474,5.474,5.474,5.474,-0.29%
12-Nov-95,5.49,5.49,5.49,5.49,-1.29%
5-Nov-95,5.562,5.562,5.562,5.562,1.70%
29-Oct-95,5.469,5.469,5.469,5.469,1.17%
22-Oct-95,5.406,5.406,5.406,5.406,1.22%
15-Oct-95,5.341,5.341,5.341,5.341,-1.96%
8-Oct-95,5.448,5.448,5.448,5.448,-0.16%
1-Oct-95,5.457,5.457,5.457,5.457,1.13%
24-Sep-95,5.396,5.396,5.396,5.396,0.97%
17-Sep-95,5.344,5.344,5.344,5.344,-1.91%
10-Sep-95,5.448,5.448,5.448,5.448,-1.23%
3-Sep-95,5.516,5.516,5.516,5.516,1.90%
27-Aug-95,5.413,5.413,5.413,5.413,-1.40%
20-Aug-95,5.49,5.49,5.49,5.49,-1.68%
13-Aug-95,5.584,5.584,5.584,5.584,0.00%
6-Aug-95,5.584,5.584,5.584,5.584,0.38%
30-Jul-95,5.563,5.563,5.563,5.563,-0.18%
23-Jul-95,5.573,5.573,5.573,5.573,-0.55%
16-Jul-95,5.604,5.604,5.604,5.604,0.36%
9-Jul-95,5.584,5.584,5.584,5.584,1.14%
2-Jul-95,5.521,5.521,5.521,5.521,-0.93%
25-Jun-95,5.573,5.573,5.573,5.573,0.76%
18-Jun-95,5.531,5.531,5.531,5.531,-2.04%
11-Jun-95,5.646,5.646,5.646,5.646,-1.83%
4-Jun-95,5.751,5.751,5.751,5.751,3.77%
28-May-95,5.542,5.542,5.542,5.542,-4.99%
21-May-95,5.833,5.833,5.833,5.833,-0.21%
14-May-95,5.845,5.845,5.845,5.845,-0.36%
7-May-95,5.866,5.866,5.866,5.866,2.37%
30-Apr-95,5.73,5.73,5.73,5.73,-2.32%
23-Apr-95,5.866,5.866,5.866,5.866,1.54%
16-Apr-95,5.777,5.777,5.777,5.777,0.45%
9-Apr-95,5.751,5.751,5.751,5.751,-1.42%
2-Apr-95,5.834,5.834,5.834,5.834,-0.36%
26-Mar-95,5.855,5.855,5.855,5.855,0.36%
19-Mar-95,5.834,5.834,5.834,5.834,-1.24%
12-Mar-95,5.907,5.907,5.907,5.907,-0.54%
5-Mar-95,5.939,5.939,5.939,5.939,0.71%
26-Feb-95,5.897,5.897,5.897,5.897,0.19%
19-Feb-95,5.886,5.886,5.886,5.886,0.55%
12-Feb-95,5.854,5.854,5.854,5.854,-0.98%
5-Feb-95,5.912,5.912,5.912,5.912,0.89%
29-Jan-95,5.86,5.86,5.86,5.86,-0.88%
22-Jan-95,5.912,5.912,5.912,5.912,0.53%
15-Jan-95,5.881,5.881,5.881,5.881,3.21%
8-Jan-95,5.698,5.698,5.698,5.698,-2.93%
1-Jan-95,5.87,5.87,5.87,5.87,4.26%
25-Dec-94,5.63,5.63,5.63,5.63,0.93%
18-Dec-94,5.578,5.578,5.578,5.578,-1.48%
11-Dec-94,5.662,5.662,5.662,5.662,-2.51%
4-Dec-94,5.808,5.808,5.808,5.808,1.65%
27-Nov-94,5.714,5.714,5.714,5.714,5.27%
20-Nov-94,5.428,5.428,5.428,5.428,-0.66%
13-Nov-94,5.464,5.464,5.464,5.464,1.96%
6-Nov-94,5.359,5.359,5.359,5.359,0.96%
30-Oct-94,5.308,5.308,5.308,5.308,3.85%
23-Oct-94,5.111,5.111,5.111,5.111,0.00%
16-Oct-94,5.111,5.111,5.111,5.111,2.94%
9-Oct-94,4.965,4.965,4.965,4.965,-1.33%
2-Oct-94,5.032,5.032,5.032,5.032,5.29%
25-Sep-94,4.779,4.779,4.779,4.779,-2.43%
18-Sep-94,4.898,4.898,4.898,4.898,3.86%
11-Sep-94,4.716,4.716,4.716,4.716,1.09%
4-Sep-94,4.665,4.665,4.665,4.665,0.69%
28-Aug-94,4.633,4.633,4.633,4.633,-0.90%
21-Aug-94,4.675,4.675,4.675,4.675,0.34%
14-Aug-94,4.659,4.659,4.659,4.659,5.00%
7-Aug-94,4.437,4.437,4.437,4.437,-2.93%
31-Jul-94,4.571,4.571,4.571,4.571,4.74%
24-Jul-94,4.364,4.364,4.364,4.364,-0.95%
17-Jul-94,4.406,4.406,4.406,4.406,1.45%
10-Jul-94,4.343,4.343,4.343,4.343,-2.56%
3-Jul-94,4.457,4.457,4.457,4.457,3.87%
26-Jun-94,4.291,4.291,4.291,4.291,1.44%
19-Jun-94,4.23,4.23,4.23,4.23,0.50%
12-Jun-94,4.209,4.209,4.209,4.209,0.24%
5-Jun-94,4.199,4.199,4.199,4.199,-0.24%
29-May-94,4.209,4.209,4.209,4.209,-1.31%
22-May-94,4.265,4.265,4.265,4.265,0.71%
15-May-94,4.235,4.235,4.235,4.235,0.50%
8-May-94,4.214,4.214,4.214,4.214,-1.57%
1-May-94,4.281,4.281,4.281,4.281,8.35%
24-Apr-94,3.951,3.951,3.951,3.951,3.11%
17-Apr-94,3.832,3.832,3.832,3.832,4.36%
10-Apr-94,3.672,3.672,3.672,3.672,1.13%
3-Apr-94,3.631,3.631,3.631,3.631,1.85%
27-Mar-94,3.565,3.565,3.565,3.565,0.34%
20-Mar-94,3.553,3.553,3.553,3.553,-0.28%
13-Mar-94,3.563,3.563,3.563,3.563,0.00%
6-Mar-94,3.563,3.563,3.563,3.563,-1.17%
27-Feb-94,3.605,3.605,3.605,3.605,4.80%
20-Feb-94,3.44,3.44,3.44,3.44,2.63%
13-Feb-94,3.352,3.352,3.352,3.352,0.78%
6-Feb-94,3.326,3.326,3.326,3.326,1.40%
30-Jan-94,3.28,3.28,3.28,3.28,9.44%
23-Jan-94,2.997,2.997,2.997,2.997,-0.33%
16-Jan-94,3.007,3.007,3.007,3.007,0.50%
9-Jan-94,2.992,2.992,2.992,2.992,-2.51%
2-Jan-94,3.069,3.069,3.069,3.069,0.85%
26-Dec-93,3.043,3.043,3.043,3.043,-2.31%
19-Dec-93,3.115,3.115,3.115,3.115,0.48%
12-Dec-93,3.1,3.1,3.1,3.1,-0.67%
5-Dec-93,3.121,3.121,3.121,3.121,-1.76%
28-Nov-93,3.177,3.177,3.177,3.177,0.32%
21-Nov-93,3.167,3.167,3.167,3.167,-0.47%
14-Nov-93,3.182,3.182,3.182,3.182,0.32%
7-Nov-93,3.172,3.172,3.172,3.172,1.63%
31-Oct-93,3.121,3.121,3.121,3.121,0.84%
24-Oct-93,3.095,3.095,3.095,3.095,-0.16%
17-Oct-93,3.1,3.1,3.1,3.1,1.01%
10-Oct-93,3.069,3.069,3.069,3.069,0.52%
3-Oct-93,3.053,3.053,3.053,3.053,2.38%
26-Sep-93,2.982,2.982,2.982,2.982,-0.17%
19-Sep-93,2.987,2.987,2.987,2.987,-1.19%
12-Sep-93,3.023,3.023,3.023,3.023,-0.33%
5-Sep-93,3.033,3.033,3.033,3.033,1.54%
29-Aug-93,2.987,2.987,2.987,2.987,-3.18%
22-Aug-93,3.085,3.085,3.085,3.085,1.38%
15-Aug-93,3.043,3.043,3.043,3.043,-1.68%
8-Aug-93,3.095,3.095,3.095,3.095,0.00%
1-Aug-93,3.095,3.095,3.095,3.095,0.00%
25-Jul-93,3.095,3.095,3.095,3.095,-1.96%
18-Jul-93,3.157,3.157,3.157,3.157,2.87%
11-Jul-93,3.069,3.069,3.069,3.069,-0.32%
4-Jul-93,3.079,3.079,3.079,3.079,2.22%
27-Jun-93,3.012,3.012,3.012,3.012,-4.41%
20-Jun-93,3.151,3.151,3.151,3.151,0.80%
13-Jun-93,3.126,3.126,3.126,3.126,0.51%
6-Jun-93,3.11,3.11,3.11,3.11,0.81%
30-May-93,3.085,3.085,3.085,3.085,-1.28%
23-May-93,3.125,3.125,3.125,3.125,1.99%
16-May-93,3.064,3.064,3.064,3.064,1.73%
9-May-93,3.012,3.012,3.012,3.012,2.80%
2-May-93,2.93,2.93,2.93,2.93,-0.71%
25-Apr-93,2.951,2.951,2.951,2.951,1.97%
18-Apr-93,2.894,2.894,2.894,2.894,0.35%
11-Apr-93,2.884,2.884,2.884,2.884,-2.47%
4-Apr-93,2.957,2.957,2.957,2.957,-0.47%
28-Mar-93,2.971,2.971,2.971,2.971,-0.37%
21-Mar-93,2.982,2.982,2.982,2.982,-1.19%
14-Mar-93,3.018,3.018,3.018,3.018,-0.17%
7-Mar-93,3.023,3.023,3.023,3.023,1.72%
28-Feb-93,2.972,2.972,2.972,2.972,-0.83%
21-Feb-93,2.997,2.997,2.997,2.997,0.17%
14-Feb-93,2.992,2.992,2.992,2.992,0.00%
7-Feb-93,2.992,2.992,2.992,2.992,1.22%
31-Jan-93,2.956,2.956,2.956,2.956,-0.34%
24-Jan-93,2.966,2.966,2.966,2.966,-1.89%
17-Jan-93,3.023,3.023,3.023,3.023,0.70%
10-Jan-93,3.002,3.002,3.002,3.002,-3.97%
3-Jan-93,3.126,3.126,3.126,3.126,-0.32%
27-Dec-92,3.136,3.136,3.136,3.136,-2.88%
20-Dec-92,3.229,3.229,3.229,3.229,0.00%
13-Dec-92,3.229,3.229,3.229,3.229,-2.77%
6-Dec-92,3.321,3.321,3.321,3.321,-0.48%
29-Nov-92,3.337,3.337,3.337,3.337,0.15%
22-Nov-92,3.332,3.332,3.332,3.332,2.24%
15-Nov-92,3.259,3.259,3.259,3.259,3.59%
8-Nov-92,3.146,3.146,3.146,3.146,0.64%
1-Nov-92,3.126,3.126,3.126,3.126,3.58%
25-Oct-92,3.018,3.018,3.018,3.018,0.70%
18-Oct-92,2.997,2.997,2.997,2.997,1.39%
11-Oct-92,2.956,2.956,2.956,2.956,2.32%
4-Oct-92,2.889,2.889,2.889,2.889,7.44%
27-Sep-92,2.689,2.689,2.689,2.689,-7.24%
20-Sep-92,2.899,2.899,2.899,2.899,-1.43%
13-Sep-92,2.941,2.941,2.941,2.941,-1.37%
6-Sep-92,2.982,2.982,2.982,2.982,-6.46%
30-Aug-92,3.188,3.188,3.188,3.188,0.73%
23-Aug-92,3.165,3.165,3.165,3.165,2.33%
16-Aug-92,3.093,3.093,3.093,3.093,1.08%
9-Aug-92,3.06,3.06,3.06,3.06,-2.70%
2-Aug-92,3.145,3.145,3.145,3.145,-2.12%
26-Jul-92,3.213,3.213,3.213,3.213,0.78%
19-Jul-92,3.188,3.188,3.188,3.188,0.16%
12-Jul-92,3.183,3.183,3.183,3.183,-1.70%
5-Jul-92,3.238,3.238,3.238,3.238,-2.20%
28-Jun-92,3.311,3.311,3.311,3.311,-10.59%
21-Jun-92,3.703,3.703,3.703,3.703,-0.54%
14-Jun-92,3.723,3.723,3.723,3.723,-0.56%
7-Jun-92,3.744,3.744,3.744,3.744,0.27%
31-May-92,3.734,3.734,3.734,3.734,-1.35%
24-May-92,3.785,3.785,3.785,3.785,0.83%
17-May-92,3.754,3.754,3.754,3.754,2.82%
10-May-92,3.651,3.651,3.651,3.651,-1.40%
3-May-92,3.703,3.703,3.703,3.703,-0.27%
26-Apr-92,3.713,3.713,3.713,3.713,-1.09%
19-Apr-92,3.754,3.754,3.754,3.754,0.27%
12-Apr-92,3.744,3.744,3.744,3.744,0.00%
5-Apr-92,3.744,3.744,3.744,3.744,-7.53%
29-Mar-92,4.049,4.049,4.049,4.049,-1.12%
22-Mar-92,4.095,4.095,4.095,4.095,-1.49%
15-Mar-92,4.157,4.157,4.157,4.157,0.24%
8-Mar-92,4.147,4.147,4.147,4.147,0.24%
1-Mar-92,4.137,4.137,4.137,4.137,2.83%
23-Feb-92,4.023,4.023,4.023,4.023,-0.27%
16-Feb-92,4.034,4.034,4.034,4.034,3.46%
9-Feb-92,3.899,3.899,3.899,3.899,-0.31%
2-Feb-92,3.911,3.911,3.911,3.911,-0.76%
26-Jan-92,3.941,3.941,3.941,3.941,0.54%
19-Jan-92,3.92,3.92,3.92,3.92,0.82%
12-Jan-92,3.888,3.888,3.888,3.888,-1.07%
5-Jan-92,3.93,3.93,3.93,3.93,-0.28%
29-Dec-91,3.941,3.941,3.941,3.941,-0.78%
22-Dec-91,3.972,3.972,3.972,3.972,-4.52%
15-Dec-91,4.16,4.16,4.16,4.16,-2.39%
8-Dec-91,4.262,4.262,4.262,4.262,-2.49%
1-Dec-91,4.371,4.371,4.371,4.371,-2.43%
24-Nov-91,4.48,4.48,4.48,4.48,-1.60%
17-Nov-91,4.553,4.553,4.553,4.553,-2.88%
10-Nov-91,4.688,4.688,4.688,4.688,-1.28%
3-Nov-91,4.749,4.749,4.749,4.749,-2.68%
27-Oct-91,4.88,4.88,4.88,4.88,-4.39%
20-Oct-91,5.104,5.104,5.104,5.104,-1.20%
13-Oct-91,5.166,5.166,5.166,5.166,1.02%
6-Oct-91,5.114,5.114,5.114,5.114,-1.01%
29-Sep-91,5.166,5.166,5.166,5.166,-2.18%
22-Sep-91,5.281,5.281,5.281,5.281,-1.18%
15-Sep-91,5.344,5.344,5.344,5.344,0.60%
8-Sep-91,5.312,5.312,5.312,5.312,-2.67%
1-Sep-91,5.458,5.458,5.458,5.458,-0.58%
25-Aug-91,5.49,5.49,5.49,5.49,-1.12%
18-Aug-91,5.552,5.552,5.552,5.552,3.10%
11-Aug-91,5.385,5.385,5.385,5.385,-1.72%
4-Aug-91,5.479,5.479,5.479,5.479,-2.79%
28-Jul-91,5.636,5.636,5.636,5.636,-2.00%
21-Jul-91,5.751,5.751,5.751,5.751,0.19%
14-Jul-91,5.74,5.74,5.74,5.74,0.37%
7-Jul-91,5.719,5.719,5.719,5.719,-0.56%
30-Jun-91,5.751,5.751,5.751,5.751,0.93%
23-Jun-91,5.698,5.698,5.698,5.698,-0.73%
16-Jun-91,5.74,5.74,5.74,5.74,-0.36%
9-Jun-91,5.761,5.761,5.761,5.761,0.37%
2-Jun-91,5.74,5.74,5.74,5.74,0.63%
26-May-91,5.704,5.704,5.704,5.704,2.55%
19-May-91,5.562,5.562,5.562,5.562,-0.29%
12-May-91,5.578,5.578,5.578,5.578,-0.66%
5-May-91,5.615,5.615,5.615,5.615,-0.27%
28-Apr-91,5.63,5.63,5.63,5.63,-2.80%
21-Apr-91,5.792,5.792,5.792,5.792,-2.29%
14-Apr-91,5.928,5.928,5.928,5.928,4.42%
7-Apr-91,5.677,5.677,5.677,5.677,-3.40%
31-Mar-91,5.877,5.877,5.877,5.877,-0.69%
24-Mar-91,5.918,5.918,5.918,5.918,-2.25%
17-Mar-91,6.054,6.054,6.054,6.054,1.22%
10-Mar-91,5.981,5.981,5.981,5.981,-2.87%
3-Mar-91,6.158,6.158,6.158,6.158,-2.18%
24-Feb-91,6.295,6.295,6.295,6.295,2.67%
17-Feb-91,6.131,6.131,6.131,6.131,0.87%
10-Feb-91,6.078,6.078,6.078,6.078,-0.36%
3-Feb-91,6.1,6.1,6.1,6.1,-4.46%
27-Jan-91,6.385,6.385,6.385,6.385,1.90%
13-Jan-91,6.266,6.266,6.266,6.266,-5.73%
30-Dec-90,6.647,6.647,6.647,6.647,1.05%
23-Dec-90,6.578,6.578,6.578,6.578,-1.44%
16-Dec-90,6.674,6.674,6.674,6.674,-3.96%
9-Dec-90,6.949,6.949,6.949,6.949,-0.97%
2-Dec-90,7.017,7.017,7.017,7.017,-2.02%
25-Nov-90,7.162,7.162,7.162,7.162,0.14%
18-Nov-90,7.152,7.152,7.152,7.152,-0.86%
11-Nov-90,7.214,7.214,7.214,7.214,0.46%
4-Nov-90,7.181,7.181,7.181,7.181,-0.31%
28-Oct-90,7.203,7.203,7.203,7.203,-1.48%
21-Oct-90,7.311,7.311,7.311,7.311,-0.08%
14-Oct-90,7.317,7.317,7.317,7.317,0.56%
7-Oct-90,7.276,7.276,7.276,7.276,1.46%
30-Sep-90,7.171,7.171,7.171,7.171,-1.29%
23-Sep-90,7.265,7.265,7.265,7.265,-3.18%
16-Sep-90,7.504,7.504,7.504,7.504,-0.13%
9-Sep-90,7.514,7.514,7.514,7.514,-0.13%
2-Sep-90,7.524,7.524,7.524,7.524,0.16%
26-Aug-90,7.512,7.512,7.512,7.512,-1.14%
19-Aug-90,7.599,7.599,7.599,7.599,-0.38%
12-Aug-90,7.628,7.628,7.628,7.628,2.79%
5-Aug-90,7.421,7.421,7.421,7.421,-0.55%
29-Jul-90,7.462,7.462,7.462,7.462,-2.84%
22-Jul-90,7.68,7.68,7.68,7.68,-0.27%
15-Jul-90,7.701,7.701,7.701,7.701,-3.07%
8-Jul-90,7.945,7.945,7.945,7.945,1.04%
1-Jul-90,7.863,7.863,7.863,7.863,-0.32%
24-Jun-90,7.888,7.888,7.888,7.888,-0.39%
17-Jun-90,7.919,7.919,7.919,7.919,1.27%
10-Jun-90,7.82,7.82,7.82,7.82,-0.46%
3-Jun-90,7.856,7.856,7.856,7.856,0.13%
27-May-90,7.846,7.846,7.846,7.846,0.28%
20-May-90,7.824,7.824,7.824,7.824,-0.94%
13-May-90,7.898,7.898,7.898,7.898,0.39%
6-May-90,7.867,7.867,7.867,7.867,-1.88%
29-Apr-90,8.018,8.018,8.018,8.018,0.46%
22-Apr-90,7.981,7.981,7.981,7.981,0.78%
15-Apr-90,7.919,7.919,7.919,7.919,0.20%
8-Apr-90,7.903,7.903,7.903,7.903,-0.14%
1-Apr-90,7.914,7.914,7.914,7.914,-1.04%
25-Mar-90,7.997,7.997,7.997,7.997,-0.71%
18-Mar-90,8.054,8.054,8.054,8.054,-0.51%
11-Mar-90,8.095,8.095,8.095,8.095,-0.64%
4-Mar-90,8.147,8.147,8.147,8.147,2.75%
25-Feb-90,7.929,7.929,7.929,7.929,1.33%
18-Feb-90,7.825,7.825,7.825,7.825,-0.24%
11-Feb-90,7.844,7.844,7.844,7.844,-0.81%
4-Feb-90,7.908,7.908,7.908,7.908,0.92%
21-Jan-90,7.836,7.836,7.836,7.836,2.74%
